name,type,direction,description
feat_0000,integer,,RDKit fingerprint feature 0 with 2048 bits and path length of 1-7
feat_0001,integer,,RDKit fingerprint feature 1 with 2048 bits and path length of 1-7
feat_0002,integer,,RDKit fingerprint feature 2 with 2048 bits and path length of 1-7
feat_0003,integer,,RDKit fingerprint feature 3 with 2048 bits and path length of 1-7
feat_0004,integer,,RDKit fingerprint feature 4 with 2048 bits and path length of 1-7
feat_0005,integer,,RDKit fingerprint feature 5 with 2048 bits and path length of 1-7
feat_0006,integer,,RDKit fingerprint feature 6 with 2048 bits and path length of 1-7
feat_0007,integer,,RDKit fingerprint feature 7 with 2048 bits and path length of 1-7
feat_0008,integer,,RDKit fingerprint feature 8 with 2048 bits and path length of 1-7
feat_0009,integer,,RDKit fingerprint feature 9 with 2048 bits and path length of 1-7
feat_0010,integer,,RDKit fingerprint feature 10 with 2048 bits and path length of 1-7
feat_0011,integer,,RDKit fingerprint feature 11 with 2048 bits and path length of 1-7
feat_0012,integer,,RDKit fingerprint feature 12 with 2048 bits and path length of 1-7
feat_0013,integer,,RDKit fingerprint feature 13 with 2048 bits and path length of 1-7
feat_0014,integer,,RDKit fingerprint feature 14 with 2048 bits and path length of 1-7
feat_0015,integer,,RDKit fingerprint feature 15 with 2048 bits and path length of 1-7
feat_0016,integer,,RDKit fingerprint feature 16 with 2048 bits and path length of 1-7
feat_0017,integer,,RDKit fingerprint feature 17 with 2048 bits and path length of 1-7
feat_0018,integer,,RDKit fingerprint feature 18 with 2048 bits and path length of 1-7
feat_0019,integer,,RDKit fingerprint feature 19 with 2048 bits and path length of 1-7
feat_0020,integer,,RDKit fingerprint feature 20 with 2048 bits and path length of 1-7
feat_0021,integer,,RDKit fingerprint feature 21 with 2048 bits and path length of 1-7
feat_0022,integer,,RDKit fingerprint feature 22 with 2048 bits and path length of 1-7
feat_0023,integer,,RDKit fingerprint feature 23 with 2048 bits and path length of 1-7
feat_0024,integer,,RDKit fingerprint feature 24 with 2048 bits and path length of 1-7
feat_0025,integer,,RDKit fingerprint feature 25 with 2048 bits and path length of 1-7
feat_0026,integer,,RDKit fingerprint feature 26 with 2048 bits and path length of 1-7
feat_0027,integer,,RDKit fingerprint feature 27 with 2048 bits and path length of 1-7
feat_0028,integer,,RDKit fingerprint feature 28 with 2048 bits and path length of 1-7
feat_0029,integer,,RDKit fingerprint feature 29 with 2048 bits and path length of 1-7
feat_0030,integer,,RDKit fingerprint feature 30 with 2048 bits and path length of 1-7
feat_0031,integer,,RDKit fingerprint feature 31 with 2048 bits and path length of 1-7
feat_0032,integer,,RDKit fingerprint feature 32 with 2048 bits and path length of 1-7
feat_0033,integer,,RDKit fingerprint feature 33 with 2048 bits and path length of 1-7
feat_0034,integer,,RDKit fingerprint feature 34 with 2048 bits and path length of 1-7
feat_0035,integer,,RDKit fingerprint feature 35 with 2048 bits and path length of 1-7
feat_0036,integer,,RDKit fingerprint feature 36 with 2048 bits and path length of 1-7
feat_0037,integer,,RDKit fingerprint feature 37 with 2048 bits and path length of 1-7
feat_0038,integer,,RDKit fingerprint feature 38 with 2048 bits and path length of 1-7
feat_0039,integer,,RDKit fingerprint feature 39 with 2048 bits and path length of 1-7
feat_0040,integer,,RDKit fingerprint feature 40 with 2048 bits and path length of 1-7
feat_0041,integer,,RDKit fingerprint feature 41 with 2048 bits and path length of 1-7
feat_0042,integer,,RDKit fingerprint feature 42 with 2048 bits and path length of 1-7
feat_0043,integer,,RDKit fingerprint feature 43 with 2048 bits and path length of 1-7
feat_0044,integer,,RDKit fingerprint feature 44 with 2048 bits and path length of 1-7
feat_0045,integer,,RDKit fingerprint feature 45 with 2048 bits and path length of 1-7
feat_0046,integer,,RDKit fingerprint feature 46 with 2048 bits and path length of 1-7
feat_0047,integer,,RDKit fingerprint feature 47 with 2048 bits and path length of 1-7
feat_0048,integer,,RDKit fingerprint feature 48 with 2048 bits and path length of 1-7
feat_0049,integer,,RDKit fingerprint feature 49 with 2048 bits and path length of 1-7
feat_0050,integer,,RDKit fingerprint feature 50 with 2048 bits and path length of 1-7
feat_0051,integer,,RDKit fingerprint feature 51 with 2048 bits and path length of 1-7
feat_0052,integer,,RDKit fingerprint feature 52 with 2048 bits and path length of 1-7
feat_0053,integer,,RDKit fingerprint feature 53 with 2048 bits and path length of 1-7
feat_0054,integer,,RDKit fingerprint feature 54 with 2048 bits and path length of 1-7
feat_0055,integer,,RDKit fingerprint feature 55 with 2048 bits and path length of 1-7
feat_0056,integer,,RDKit fingerprint feature 56 with 2048 bits and path length of 1-7
feat_0057,integer,,RDKit fingerprint feature 57 with 2048 bits and path length of 1-7
feat_0058,integer,,RDKit fingerprint feature 58 with 2048 bits and path length of 1-7
feat_0059,integer,,RDKit fingerprint feature 59 with 2048 bits and path length of 1-7
feat_0060,integer,,RDKit fingerprint feature 60 with 2048 bits and path length of 1-7
feat_0061,integer,,RDKit fingerprint feature 61 with 2048 bits and path length of 1-7
feat_0062,integer,,RDKit fingerprint feature 62 with 2048 bits and path length of 1-7
feat_0063,integer,,RDKit fingerprint feature 63 with 2048 bits and path length of 1-7
feat_0064,integer,,RDKit fingerprint feature 64 with 2048 bits and path length of 1-7
feat_0065,integer,,RDKit fingerprint feature 65 with 2048 bits and path length of 1-7
feat_0066,integer,,RDKit fingerprint feature 66 with 2048 bits and path length of 1-7
feat_0067,integer,,RDKit fingerprint feature 67 with 2048 bits and path length of 1-7
feat_0068,integer,,RDKit fingerprint feature 68 with 2048 bits and path length of 1-7
feat_0069,integer,,RDKit fingerprint feature 69 with 2048 bits and path length of 1-7
feat_0070,integer,,RDKit fingerprint feature 70 with 2048 bits and path length of 1-7
feat_0071,integer,,RDKit fingerprint feature 71 with 2048 bits and path length of 1-7
feat_0072,integer,,RDKit fingerprint feature 72 with 2048 bits and path length of 1-7
feat_0073,integer,,RDKit fingerprint feature 73 with 2048 bits and path length of 1-7
feat_0074,integer,,RDKit fingerprint feature 74 with 2048 bits and path length of 1-7
feat_0075,integer,,RDKit fingerprint feature 75 with 2048 bits and path length of 1-7
feat_0076,integer,,RDKit fingerprint feature 76 with 2048 bits and path length of 1-7
feat_0077,integer,,RDKit fingerprint feature 77 with 2048 bits and path length of 1-7
feat_0078,integer,,RDKit fingerprint feature 78 with 2048 bits and path length of 1-7
feat_0079,integer,,RDKit fingerprint feature 79 with 2048 bits and path length of 1-7
feat_0080,integer,,RDKit fingerprint feature 80 with 2048 bits and path length of 1-7
feat_0081,integer,,RDKit fingerprint feature 81 with 2048 bits and path length of 1-7
feat_0082,integer,,RDKit fingerprint feature 82 with 2048 bits and path length of 1-7
feat_0083,integer,,RDKit fingerprint feature 83 with 2048 bits and path length of 1-7
feat_0084,integer,,RDKit fingerprint feature 84 with 2048 bits and path length of 1-7
feat_0085,integer,,RDKit fingerprint feature 85 with 2048 bits and path length of 1-7
feat_0086,integer,,RDKit fingerprint feature 86 with 2048 bits and path length of 1-7
feat_0087,integer,,RDKit fingerprint feature 87 with 2048 bits and path length of 1-7
feat_0088,integer,,RDKit fingerprint feature 88 with 2048 bits and path length of 1-7
feat_0089,integer,,RDKit fingerprint feature 89 with 2048 bits and path length of 1-7
feat_0090,integer,,RDKit fingerprint feature 90 with 2048 bits and path length of 1-7
feat_0091,integer,,RDKit fingerprint feature 91 with 2048 bits and path length of 1-7
feat_0092,integer,,RDKit fingerprint feature 92 with 2048 bits and path length of 1-7
feat_0093,integer,,RDKit fingerprint feature 93 with 2048 bits and path length of 1-7
feat_0094,integer,,RDKit fingerprint feature 94 with 2048 bits and path length of 1-7
feat_0095,integer,,RDKit fingerprint feature 95 with 2048 bits and path length of 1-7
feat_0096,integer,,RDKit fingerprint feature 96 with 2048 bits and path length of 1-7
feat_0097,integer,,RDKit fingerprint feature 97 with 2048 bits and path length of 1-7
feat_0098,integer,,RDKit fingerprint feature 98 with 2048 bits and path length of 1-7
feat_0099,integer,,RDKit fingerprint feature 99 with 2048 bits and path length of 1-7
feat_0100,integer,,RDKit fingerprint feature 100 with 2048 bits and path length of 1-7
feat_0101,integer,,RDKit fingerprint feature 101 with 2048 bits and path length of 1-7
feat_0102,integer,,RDKit fingerprint feature 102 with 2048 bits and path length of 1-7
feat_0103,integer,,RDKit fingerprint feature 103 with 2048 bits and path length of 1-7
feat_0104,integer,,RDKit fingerprint feature 104 with 2048 bits and path length of 1-7
feat_0105,integer,,RDKit fingerprint feature 105 with 2048 bits and path length of 1-7
feat_0106,integer,,RDKit fingerprint feature 106 with 2048 bits and path length of 1-7
feat_0107,integer,,RDKit fingerprint feature 107 with 2048 bits and path length of 1-7
feat_0108,integer,,RDKit fingerprint feature 108 with 2048 bits and path length of 1-7
feat_0109,integer,,RDKit fingerprint feature 109 with 2048 bits and path length of 1-7
feat_0110,integer,,RDKit fingerprint feature 110 with 2048 bits and path length of 1-7
feat_0111,integer,,RDKit fingerprint feature 111 with 2048 bits and path length of 1-7
feat_0112,integer,,RDKit fingerprint feature 112 with 2048 bits and path length of 1-7
feat_0113,integer,,RDKit fingerprint feature 113 with 2048 bits and path length of 1-7
feat_0114,integer,,RDKit fingerprint feature 114 with 2048 bits and path length of 1-7
feat_0115,integer,,RDKit fingerprint feature 115 with 2048 bits and path length of 1-7
feat_0116,integer,,RDKit fingerprint feature 116 with 2048 bits and path length of 1-7
feat_0117,integer,,RDKit fingerprint feature 117 with 2048 bits and path length of 1-7
feat_0118,integer,,RDKit fingerprint feature 118 with 2048 bits and path length of 1-7
feat_0119,integer,,RDKit fingerprint feature 119 with 2048 bits and path length of 1-7
feat_0120,integer,,RDKit fingerprint feature 120 with 2048 bits and path length of 1-7
feat_0121,integer,,RDKit fingerprint feature 121 with 2048 bits and path length of 1-7
feat_0122,integer,,RDKit fingerprint feature 122 with 2048 bits and path length of 1-7
feat_0123,integer,,RDKit fingerprint feature 123 with 2048 bits and path length of 1-7
feat_0124,integer,,RDKit fingerprint feature 124 with 2048 bits and path length of 1-7
feat_0125,integer,,RDKit fingerprint feature 125 with 2048 bits and path length of 1-7
feat_0126,integer,,RDKit fingerprint feature 126 with 2048 bits and path length of 1-7
feat_0127,integer,,RDKit fingerprint feature 127 with 2048 bits and path length of 1-7
feat_0128,integer,,RDKit fingerprint feature 128 with 2048 bits and path length of 1-7
feat_0129,integer,,RDKit fingerprint feature 129 with 2048 bits and path length of 1-7
feat_0130,integer,,RDKit fingerprint feature 130 with 2048 bits and path length of 1-7
feat_0131,integer,,RDKit fingerprint feature 131 with 2048 bits and path length of 1-7
feat_0132,integer,,RDKit fingerprint feature 132 with 2048 bits and path length of 1-7
feat_0133,integer,,RDKit fingerprint feature 133 with 2048 bits and path length of 1-7
feat_0134,integer,,RDKit fingerprint feature 134 with 2048 bits and path length of 1-7
feat_0135,integer,,RDKit fingerprint feature 135 with 2048 bits and path length of 1-7
feat_0136,integer,,RDKit fingerprint feature 136 with 2048 bits and path length of 1-7
feat_0137,integer,,RDKit fingerprint feature 137 with 2048 bits and path length of 1-7
feat_0138,integer,,RDKit fingerprint feature 138 with 2048 bits and path length of 1-7
feat_0139,integer,,RDKit fingerprint feature 139 with 2048 bits and path length of 1-7
feat_0140,integer,,RDKit fingerprint feature 140 with 2048 bits and path length of 1-7
feat_0141,integer,,RDKit fingerprint feature 141 with 2048 bits and path length of 1-7
feat_0142,integer,,RDKit fingerprint feature 142 with 2048 bits and path length of 1-7
feat_0143,integer,,RDKit fingerprint feature 143 with 2048 bits and path length of 1-7
feat_0144,integer,,RDKit fingerprint feature 144 with 2048 bits and path length of 1-7
feat_0145,integer,,RDKit fingerprint feature 145 with 2048 bits and path length of 1-7
feat_0146,integer,,RDKit fingerprint feature 146 with 2048 bits and path length of 1-7
feat_0147,integer,,RDKit fingerprint feature 147 with 2048 bits and path length of 1-7
feat_0148,integer,,RDKit fingerprint feature 148 with 2048 bits and path length of 1-7
feat_0149,integer,,RDKit fingerprint feature 149 with 2048 bits and path length of 1-7
feat_0150,integer,,RDKit fingerprint feature 150 with 2048 bits and path length of 1-7
feat_0151,integer,,RDKit fingerprint feature 151 with 2048 bits and path length of 1-7
feat_0152,integer,,RDKit fingerprint feature 152 with 2048 bits and path length of 1-7
feat_0153,integer,,RDKit fingerprint feature 153 with 2048 bits and path length of 1-7
feat_0154,integer,,RDKit fingerprint feature 154 with 2048 bits and path length of 1-7
feat_0155,integer,,RDKit fingerprint feature 155 with 2048 bits and path length of 1-7
feat_0156,integer,,RDKit fingerprint feature 156 with 2048 bits and path length of 1-7
feat_0157,integer,,RDKit fingerprint feature 157 with 2048 bits and path length of 1-7
feat_0158,integer,,RDKit fingerprint feature 158 with 2048 bits and path length of 1-7
feat_0159,integer,,RDKit fingerprint feature 159 with 2048 bits and path length of 1-7
feat_0160,integer,,RDKit fingerprint feature 160 with 2048 bits and path length of 1-7
feat_0161,integer,,RDKit fingerprint feature 161 with 2048 bits and path length of 1-7
feat_0162,integer,,RDKit fingerprint feature 162 with 2048 bits and path length of 1-7
feat_0163,integer,,RDKit fingerprint feature 163 with 2048 bits and path length of 1-7
feat_0164,integer,,RDKit fingerprint feature 164 with 2048 bits and path length of 1-7
feat_0165,integer,,RDKit fingerprint feature 165 with 2048 bits and path length of 1-7
feat_0166,integer,,RDKit fingerprint feature 166 with 2048 bits and path length of 1-7
feat_0167,integer,,RDKit fingerprint feature 167 with 2048 bits and path length of 1-7
feat_0168,integer,,RDKit fingerprint feature 168 with 2048 bits and path length of 1-7
feat_0169,integer,,RDKit fingerprint feature 169 with 2048 bits and path length of 1-7
feat_0170,integer,,RDKit fingerprint feature 170 with 2048 bits and path length of 1-7
feat_0171,integer,,RDKit fingerprint feature 171 with 2048 bits and path length of 1-7
feat_0172,integer,,RDKit fingerprint feature 172 with 2048 bits and path length of 1-7
feat_0173,integer,,RDKit fingerprint feature 173 with 2048 bits and path length of 1-7
feat_0174,integer,,RDKit fingerprint feature 174 with 2048 bits and path length of 1-7
feat_0175,integer,,RDKit fingerprint feature 175 with 2048 bits and path length of 1-7
feat_0176,integer,,RDKit fingerprint feature 176 with 2048 bits and path length of 1-7
feat_0177,integer,,RDKit fingerprint feature 177 with 2048 bits and path length of 1-7
feat_0178,integer,,RDKit fingerprint feature 178 with 2048 bits and path length of 1-7
feat_0179,integer,,RDKit fingerprint feature 179 with 2048 bits and path length of 1-7
feat_0180,integer,,RDKit fingerprint feature 180 with 2048 bits and path length of 1-7
feat_0181,integer,,RDKit fingerprint feature 181 with 2048 bits and path length of 1-7
feat_0182,integer,,RDKit fingerprint feature 182 with 2048 bits and path length of 1-7
feat_0183,integer,,RDKit fingerprint feature 183 with 2048 bits and path length of 1-7
feat_0184,integer,,RDKit fingerprint feature 184 with 2048 bits and path length of 1-7
feat_0185,integer,,RDKit fingerprint feature 185 with 2048 bits and path length of 1-7
feat_0186,integer,,RDKit fingerprint feature 186 with 2048 bits and path length of 1-7
feat_0187,integer,,RDKit fingerprint feature 187 with 2048 bits and path length of 1-7
feat_0188,integer,,RDKit fingerprint feature 188 with 2048 bits and path length of 1-7
feat_0189,integer,,RDKit fingerprint feature 189 with 2048 bits and path length of 1-7
feat_0190,integer,,RDKit fingerprint feature 190 with 2048 bits and path length of 1-7
feat_0191,integer,,RDKit fingerprint feature 191 with 2048 bits and path length of 1-7
feat_0192,integer,,RDKit fingerprint feature 192 with 2048 bits and path length of 1-7
feat_0193,integer,,RDKit fingerprint feature 193 with 2048 bits and path length of 1-7
feat_0194,integer,,RDKit fingerprint feature 194 with 2048 bits and path length of 1-7
feat_0195,integer,,RDKit fingerprint feature 195 with 2048 bits and path length of 1-7
feat_0196,integer,,RDKit fingerprint feature 196 with 2048 bits and path length of 1-7
feat_0197,integer,,RDKit fingerprint feature 197 with 2048 bits and path length of 1-7
feat_0198,integer,,RDKit fingerprint feature 198 with 2048 bits and path length of 1-7
feat_0199,integer,,RDKit fingerprint feature 199 with 2048 bits and path length of 1-7
feat_0200,integer,,RDKit fingerprint feature 200 with 2048 bits and path length of 1-7
feat_0201,integer,,RDKit fingerprint feature 201 with 2048 bits and path length of 1-7
feat_0202,integer,,RDKit fingerprint feature 202 with 2048 bits and path length of 1-7
feat_0203,integer,,RDKit fingerprint feature 203 with 2048 bits and path length of 1-7
feat_0204,integer,,RDKit fingerprint feature 204 with 2048 bits and path length of 1-7
feat_0205,integer,,RDKit fingerprint feature 205 with 2048 bits and path length of 1-7
feat_0206,integer,,RDKit fingerprint feature 206 with 2048 bits and path length of 1-7
feat_0207,integer,,RDKit fingerprint feature 207 with 2048 bits and path length of 1-7
feat_0208,integer,,RDKit fingerprint feature 208 with 2048 bits and path length of 1-7
feat_0209,integer,,RDKit fingerprint feature 209 with 2048 bits and path length of 1-7
feat_0210,integer,,RDKit fingerprint feature 210 with 2048 bits and path length of 1-7
feat_0211,integer,,RDKit fingerprint feature 211 with 2048 bits and path length of 1-7
feat_0212,integer,,RDKit fingerprint feature 212 with 2048 bits and path length of 1-7
feat_0213,integer,,RDKit fingerprint feature 213 with 2048 bits and path length of 1-7
feat_0214,integer,,RDKit fingerprint feature 214 with 2048 bits and path length of 1-7
feat_0215,integer,,RDKit fingerprint feature 215 with 2048 bits and path length of 1-7
feat_0216,integer,,RDKit fingerprint feature 216 with 2048 bits and path length of 1-7
feat_0217,integer,,RDKit fingerprint feature 217 with 2048 bits and path length of 1-7
feat_0218,integer,,RDKit fingerprint feature 218 with 2048 bits and path length of 1-7
feat_0219,integer,,RDKit fingerprint feature 219 with 2048 bits and path length of 1-7
feat_0220,integer,,RDKit fingerprint feature 220 with 2048 bits and path length of 1-7
feat_0221,integer,,RDKit fingerprint feature 221 with 2048 bits and path length of 1-7
feat_0222,integer,,RDKit fingerprint feature 222 with 2048 bits and path length of 1-7
feat_0223,integer,,RDKit fingerprint feature 223 with 2048 bits and path length of 1-7
feat_0224,integer,,RDKit fingerprint feature 224 with 2048 bits and path length of 1-7
feat_0225,integer,,RDKit fingerprint feature 225 with 2048 bits and path length of 1-7
feat_0226,integer,,RDKit fingerprint feature 226 with 2048 bits and path length of 1-7
feat_0227,integer,,RDKit fingerprint feature 227 with 2048 bits and path length of 1-7
feat_0228,integer,,RDKit fingerprint feature 228 with 2048 bits and path length of 1-7
feat_0229,integer,,RDKit fingerprint feature 229 with 2048 bits and path length of 1-7
feat_0230,integer,,RDKit fingerprint feature 230 with 2048 bits and path length of 1-7
feat_0231,integer,,RDKit fingerprint feature 231 with 2048 bits and path length of 1-7
feat_0232,integer,,RDKit fingerprint feature 232 with 2048 bits and path length of 1-7
feat_0233,integer,,RDKit fingerprint feature 233 with 2048 bits and path length of 1-7
feat_0234,integer,,RDKit fingerprint feature 234 with 2048 bits and path length of 1-7
feat_0235,integer,,RDKit fingerprint feature 235 with 2048 bits and path length of 1-7
feat_0236,integer,,RDKit fingerprint feature 236 with 2048 bits and path length of 1-7
feat_0237,integer,,RDKit fingerprint feature 237 with 2048 bits and path length of 1-7
feat_0238,integer,,RDKit fingerprint feature 238 with 2048 bits and path length of 1-7
feat_0239,integer,,RDKit fingerprint feature 239 with 2048 bits and path length of 1-7
feat_0240,integer,,RDKit fingerprint feature 240 with 2048 bits and path length of 1-7
feat_0241,integer,,RDKit fingerprint feature 241 with 2048 bits and path length of 1-7
feat_0242,integer,,RDKit fingerprint feature 242 with 2048 bits and path length of 1-7
feat_0243,integer,,RDKit fingerprint feature 243 with 2048 bits and path length of 1-7
feat_0244,integer,,RDKit fingerprint feature 244 with 2048 bits and path length of 1-7
feat_0245,integer,,RDKit fingerprint feature 245 with 2048 bits and path length of 1-7
feat_0246,integer,,RDKit fingerprint feature 246 with 2048 bits and path length of 1-7
feat_0247,integer,,RDKit fingerprint feature 247 with 2048 bits and path length of 1-7
feat_0248,integer,,RDKit fingerprint feature 248 with 2048 bits and path length of 1-7
feat_0249,integer,,RDKit fingerprint feature 249 with 2048 bits and path length of 1-7
feat_0250,integer,,RDKit fingerprint feature 250 with 2048 bits and path length of 1-7
feat_0251,integer,,RDKit fingerprint feature 251 with 2048 bits and path length of 1-7
feat_0252,integer,,RDKit fingerprint feature 252 with 2048 bits and path length of 1-7
feat_0253,integer,,RDKit fingerprint feature 253 with 2048 bits and path length of 1-7
feat_0254,integer,,RDKit fingerprint feature 254 with 2048 bits and path length of 1-7
feat_0255,integer,,RDKit fingerprint feature 255 with 2048 bits and path length of 1-7
feat_0256,integer,,RDKit fingerprint feature 256 with 2048 bits and path length of 1-7
feat_0257,integer,,RDKit fingerprint feature 257 with 2048 bits and path length of 1-7
feat_0258,integer,,RDKit fingerprint feature 258 with 2048 bits and path length of 1-7
feat_0259,integer,,RDKit fingerprint feature 259 with 2048 bits and path length of 1-7
feat_0260,integer,,RDKit fingerprint feature 260 with 2048 bits and path length of 1-7
feat_0261,integer,,RDKit fingerprint feature 261 with 2048 bits and path length of 1-7
feat_0262,integer,,RDKit fingerprint feature 262 with 2048 bits and path length of 1-7
feat_0263,integer,,RDKit fingerprint feature 263 with 2048 bits and path length of 1-7
feat_0264,integer,,RDKit fingerprint feature 264 with 2048 bits and path length of 1-7
feat_0265,integer,,RDKit fingerprint feature 265 with 2048 bits and path length of 1-7
feat_0266,integer,,RDKit fingerprint feature 266 with 2048 bits and path length of 1-7
feat_0267,integer,,RDKit fingerprint feature 267 with 2048 bits and path length of 1-7
feat_0268,integer,,RDKit fingerprint feature 268 with 2048 bits and path length of 1-7
feat_0269,integer,,RDKit fingerprint feature 269 with 2048 bits and path length of 1-7
feat_0270,integer,,RDKit fingerprint feature 270 with 2048 bits and path length of 1-7
feat_0271,integer,,RDKit fingerprint feature 271 with 2048 bits and path length of 1-7
feat_0272,integer,,RDKit fingerprint feature 272 with 2048 bits and path length of 1-7
feat_0273,integer,,RDKit fingerprint feature 273 with 2048 bits and path length of 1-7
feat_0274,integer,,RDKit fingerprint feature 274 with 2048 bits and path length of 1-7
feat_0275,integer,,RDKit fingerprint feature 275 with 2048 bits and path length of 1-7
feat_0276,integer,,RDKit fingerprint feature 276 with 2048 bits and path length of 1-7
feat_0277,integer,,RDKit fingerprint feature 277 with 2048 bits and path length of 1-7
feat_0278,integer,,RDKit fingerprint feature 278 with 2048 bits and path length of 1-7
feat_0279,integer,,RDKit fingerprint feature 279 with 2048 bits and path length of 1-7
feat_0280,integer,,RDKit fingerprint feature 280 with 2048 bits and path length of 1-7
feat_0281,integer,,RDKit fingerprint feature 281 with 2048 bits and path length of 1-7
feat_0282,integer,,RDKit fingerprint feature 282 with 2048 bits and path length of 1-7
feat_0283,integer,,RDKit fingerprint feature 283 with 2048 bits and path length of 1-7
feat_0284,integer,,RDKit fingerprint feature 284 with 2048 bits and path length of 1-7
feat_0285,integer,,RDKit fingerprint feature 285 with 2048 bits and path length of 1-7
feat_0286,integer,,RDKit fingerprint feature 286 with 2048 bits and path length of 1-7
feat_0287,integer,,RDKit fingerprint feature 287 with 2048 bits and path length of 1-7
feat_0288,integer,,RDKit fingerprint feature 288 with 2048 bits and path length of 1-7
feat_0289,integer,,RDKit fingerprint feature 289 with 2048 bits and path length of 1-7
feat_0290,integer,,RDKit fingerprint feature 290 with 2048 bits and path length of 1-7
feat_0291,integer,,RDKit fingerprint feature 291 with 2048 bits and path length of 1-7
feat_0292,integer,,RDKit fingerprint feature 292 with 2048 bits and path length of 1-7
feat_0293,integer,,RDKit fingerprint feature 293 with 2048 bits and path length of 1-7
feat_0294,integer,,RDKit fingerprint feature 294 with 2048 bits and path length of 1-7
feat_0295,integer,,RDKit fingerprint feature 295 with 2048 bits and path length of 1-7
feat_0296,integer,,RDKit fingerprint feature 296 with 2048 bits and path length of 1-7
feat_0297,integer,,RDKit fingerprint feature 297 with 2048 bits and path length of 1-7
feat_0298,integer,,RDKit fingerprint feature 298 with 2048 bits and path length of 1-7
feat_0299,integer,,RDKit fingerprint feature 299 with 2048 bits and path length of 1-7
feat_0300,integer,,RDKit fingerprint feature 300 with 2048 bits and path length of 1-7
feat_0301,integer,,RDKit fingerprint feature 301 with 2048 bits and path length of 1-7
feat_0302,integer,,RDKit fingerprint feature 302 with 2048 bits and path length of 1-7
feat_0303,integer,,RDKit fingerprint feature 303 with 2048 bits and path length of 1-7
feat_0304,integer,,RDKit fingerprint feature 304 with 2048 bits and path length of 1-7
feat_0305,integer,,RDKit fingerprint feature 305 with 2048 bits and path length of 1-7
feat_0306,integer,,RDKit fingerprint feature 306 with 2048 bits and path length of 1-7
feat_0307,integer,,RDKit fingerprint feature 307 with 2048 bits and path length of 1-7
feat_0308,integer,,RDKit fingerprint feature 308 with 2048 bits and path length of 1-7
feat_0309,integer,,RDKit fingerprint feature 309 with 2048 bits and path length of 1-7
feat_0310,integer,,RDKit fingerprint feature 310 with 2048 bits and path length of 1-7
feat_0311,integer,,RDKit fingerprint feature 311 with 2048 bits and path length of 1-7
feat_0312,integer,,RDKit fingerprint feature 312 with 2048 bits and path length of 1-7
feat_0313,integer,,RDKit fingerprint feature 313 with 2048 bits and path length of 1-7
feat_0314,integer,,RDKit fingerprint feature 314 with 2048 bits and path length of 1-7
feat_0315,integer,,RDKit fingerprint feature 315 with 2048 bits and path length of 1-7
feat_0316,integer,,RDKit fingerprint feature 316 with 2048 bits and path length of 1-7
feat_0317,integer,,RDKit fingerprint feature 317 with 2048 bits and path length of 1-7
feat_0318,integer,,RDKit fingerprint feature 318 with 2048 bits and path length of 1-7
feat_0319,integer,,RDKit fingerprint feature 319 with 2048 bits and path length of 1-7
feat_0320,integer,,RDKit fingerprint feature 320 with 2048 bits and path length of 1-7
feat_0321,integer,,RDKit fingerprint feature 321 with 2048 bits and path length of 1-7
feat_0322,integer,,RDKit fingerprint feature 322 with 2048 bits and path length of 1-7
feat_0323,integer,,RDKit fingerprint feature 323 with 2048 bits and path length of 1-7
feat_0324,integer,,RDKit fingerprint feature 324 with 2048 bits and path length of 1-7
feat_0325,integer,,RDKit fingerprint feature 325 with 2048 bits and path length of 1-7
feat_0326,integer,,RDKit fingerprint feature 326 with 2048 bits and path length of 1-7
feat_0327,integer,,RDKit fingerprint feature 327 with 2048 bits and path length of 1-7
feat_0328,integer,,RDKit fingerprint feature 328 with 2048 bits and path length of 1-7
feat_0329,integer,,RDKit fingerprint feature 329 with 2048 bits and path length of 1-7
feat_0330,integer,,RDKit fingerprint feature 330 with 2048 bits and path length of 1-7
feat_0331,integer,,RDKit fingerprint feature 331 with 2048 bits and path length of 1-7
feat_0332,integer,,RDKit fingerprint feature 332 with 2048 bits and path length of 1-7
feat_0333,integer,,RDKit fingerprint feature 333 with 2048 bits and path length of 1-7
feat_0334,integer,,RDKit fingerprint feature 334 with 2048 bits and path length of 1-7
feat_0335,integer,,RDKit fingerprint feature 335 with 2048 bits and path length of 1-7
feat_0336,integer,,RDKit fingerprint feature 336 with 2048 bits and path length of 1-7
feat_0337,integer,,RDKit fingerprint feature 337 with 2048 bits and path length of 1-7
feat_0338,integer,,RDKit fingerprint feature 338 with 2048 bits and path length of 1-7
feat_0339,integer,,RDKit fingerprint feature 339 with 2048 bits and path length of 1-7
feat_0340,integer,,RDKit fingerprint feature 340 with 2048 bits and path length of 1-7
feat_0341,integer,,RDKit fingerprint feature 341 with 2048 bits and path length of 1-7
feat_0342,integer,,RDKit fingerprint feature 342 with 2048 bits and path length of 1-7
feat_0343,integer,,RDKit fingerprint feature 343 with 2048 bits and path length of 1-7
feat_0344,integer,,RDKit fingerprint feature 344 with 2048 bits and path length of 1-7
feat_0345,integer,,RDKit fingerprint feature 345 with 2048 bits and path length of 1-7
feat_0346,integer,,RDKit fingerprint feature 346 with 2048 bits and path length of 1-7
feat_0347,integer,,RDKit fingerprint feature 347 with 2048 bits and path length of 1-7
feat_0348,integer,,RDKit fingerprint feature 348 with 2048 bits and path length of 1-7
feat_0349,integer,,RDKit fingerprint feature 349 with 2048 bits and path length of 1-7
feat_0350,integer,,RDKit fingerprint feature 350 with 2048 bits and path length of 1-7
feat_0351,integer,,RDKit fingerprint feature 351 with 2048 bits and path length of 1-7
feat_0352,integer,,RDKit fingerprint feature 352 with 2048 bits and path length of 1-7
feat_0353,integer,,RDKit fingerprint feature 353 with 2048 bits and path length of 1-7
feat_0354,integer,,RDKit fingerprint feature 354 with 2048 bits and path length of 1-7
feat_0355,integer,,RDKit fingerprint feature 355 with 2048 bits and path length of 1-7
feat_0356,integer,,RDKit fingerprint feature 356 with 2048 bits and path length of 1-7
feat_0357,integer,,RDKit fingerprint feature 357 with 2048 bits and path length of 1-7
feat_0358,integer,,RDKit fingerprint feature 358 with 2048 bits and path length of 1-7
feat_0359,integer,,RDKit fingerprint feature 359 with 2048 bits and path length of 1-7
feat_0360,integer,,RDKit fingerprint feature 360 with 2048 bits and path length of 1-7
feat_0361,integer,,RDKit fingerprint feature 361 with 2048 bits and path length of 1-7
feat_0362,integer,,RDKit fingerprint feature 362 with 2048 bits and path length of 1-7
feat_0363,integer,,RDKit fingerprint feature 363 with 2048 bits and path length of 1-7
feat_0364,integer,,RDKit fingerprint feature 364 with 2048 bits and path length of 1-7
feat_0365,integer,,RDKit fingerprint feature 365 with 2048 bits and path length of 1-7
feat_0366,integer,,RDKit fingerprint feature 366 with 2048 bits and path length of 1-7
feat_0367,integer,,RDKit fingerprint feature 367 with 2048 bits and path length of 1-7
feat_0368,integer,,RDKit fingerprint feature 368 with 2048 bits and path length of 1-7
feat_0369,integer,,RDKit fingerprint feature 369 with 2048 bits and path length of 1-7
feat_0370,integer,,RDKit fingerprint feature 370 with 2048 bits and path length of 1-7
feat_0371,integer,,RDKit fingerprint feature 371 with 2048 bits and path length of 1-7
feat_0372,integer,,RDKit fingerprint feature 372 with 2048 bits and path length of 1-7
feat_0373,integer,,RDKit fingerprint feature 373 with 2048 bits and path length of 1-7
feat_0374,integer,,RDKit fingerprint feature 374 with 2048 bits and path length of 1-7
feat_0375,integer,,RDKit fingerprint feature 375 with 2048 bits and path length of 1-7
feat_0376,integer,,RDKit fingerprint feature 376 with 2048 bits and path length of 1-7
feat_0377,integer,,RDKit fingerprint feature 377 with 2048 bits and path length of 1-7
feat_0378,integer,,RDKit fingerprint feature 378 with 2048 bits and path length of 1-7
feat_0379,integer,,RDKit fingerprint feature 379 with 2048 bits and path length of 1-7
feat_0380,integer,,RDKit fingerprint feature 380 with 2048 bits and path length of 1-7
feat_0381,integer,,RDKit fingerprint feature 381 with 2048 bits and path length of 1-7
feat_0382,integer,,RDKit fingerprint feature 382 with 2048 bits and path length of 1-7
feat_0383,integer,,RDKit fingerprint feature 383 with 2048 bits and path length of 1-7
feat_0384,integer,,RDKit fingerprint feature 384 with 2048 bits and path length of 1-7
feat_0385,integer,,RDKit fingerprint feature 385 with 2048 bits and path length of 1-7
feat_0386,integer,,RDKit fingerprint feature 386 with 2048 bits and path length of 1-7
feat_0387,integer,,RDKit fingerprint feature 387 with 2048 bits and path length of 1-7
feat_0388,integer,,RDKit fingerprint feature 388 with 2048 bits and path length of 1-7
feat_0389,integer,,RDKit fingerprint feature 389 with 2048 bits and path length of 1-7
feat_0390,integer,,RDKit fingerprint feature 390 with 2048 bits and path length of 1-7
feat_0391,integer,,RDKit fingerprint feature 391 with 2048 bits and path length of 1-7
feat_0392,integer,,RDKit fingerprint feature 392 with 2048 bits and path length of 1-7
feat_0393,integer,,RDKit fingerprint feature 393 with 2048 bits and path length of 1-7
feat_0394,integer,,RDKit fingerprint feature 394 with 2048 bits and path length of 1-7
feat_0395,integer,,RDKit fingerprint feature 395 with 2048 bits and path length of 1-7
feat_0396,integer,,RDKit fingerprint feature 396 with 2048 bits and path length of 1-7
feat_0397,integer,,RDKit fingerprint feature 397 with 2048 bits and path length of 1-7
feat_0398,integer,,RDKit fingerprint feature 398 with 2048 bits and path length of 1-7
feat_0399,integer,,RDKit fingerprint feature 399 with 2048 bits and path length of 1-7
feat_0400,integer,,RDKit fingerprint feature 400 with 2048 bits and path length of 1-7
feat_0401,integer,,RDKit fingerprint feature 401 with 2048 bits and path length of 1-7
feat_0402,integer,,RDKit fingerprint feature 402 with 2048 bits and path length of 1-7
feat_0403,integer,,RDKit fingerprint feature 403 with 2048 bits and path length of 1-7
feat_0404,integer,,RDKit fingerprint feature 404 with 2048 bits and path length of 1-7
feat_0405,integer,,RDKit fingerprint feature 405 with 2048 bits and path length of 1-7
feat_0406,integer,,RDKit fingerprint feature 406 with 2048 bits and path length of 1-7
feat_0407,integer,,RDKit fingerprint feature 407 with 2048 bits and path length of 1-7
feat_0408,integer,,RDKit fingerprint feature 408 with 2048 bits and path length of 1-7
feat_0409,integer,,RDKit fingerprint feature 409 with 2048 bits and path length of 1-7
feat_0410,integer,,RDKit fingerprint feature 410 with 2048 bits and path length of 1-7
feat_0411,integer,,RDKit fingerprint feature 411 with 2048 bits and path length of 1-7
feat_0412,integer,,RDKit fingerprint feature 412 with 2048 bits and path length of 1-7
feat_0413,integer,,RDKit fingerprint feature 413 with 2048 bits and path length of 1-7
feat_0414,integer,,RDKit fingerprint feature 414 with 2048 bits and path length of 1-7
feat_0415,integer,,RDKit fingerprint feature 415 with 2048 bits and path length of 1-7
feat_0416,integer,,RDKit fingerprint feature 416 with 2048 bits and path length of 1-7
feat_0417,integer,,RDKit fingerprint feature 417 with 2048 bits and path length of 1-7
feat_0418,integer,,RDKit fingerprint feature 418 with 2048 bits and path length of 1-7
feat_0419,integer,,RDKit fingerprint feature 419 with 2048 bits and path length of 1-7
feat_0420,integer,,RDKit fingerprint feature 420 with 2048 bits and path length of 1-7
feat_0421,integer,,RDKit fingerprint feature 421 with 2048 bits and path length of 1-7
feat_0422,integer,,RDKit fingerprint feature 422 with 2048 bits and path length of 1-7
feat_0423,integer,,RDKit fingerprint feature 423 with 2048 bits and path length of 1-7
feat_0424,integer,,RDKit fingerprint feature 424 with 2048 bits and path length of 1-7
feat_0425,integer,,RDKit fingerprint feature 425 with 2048 bits and path length of 1-7
feat_0426,integer,,RDKit fingerprint feature 426 with 2048 bits and path length of 1-7
feat_0427,integer,,RDKit fingerprint feature 427 with 2048 bits and path length of 1-7
feat_0428,integer,,RDKit fingerprint feature 428 with 2048 bits and path length of 1-7
feat_0429,integer,,RDKit fingerprint feature 429 with 2048 bits and path length of 1-7
feat_0430,integer,,RDKit fingerprint feature 430 with 2048 bits and path length of 1-7
feat_0431,integer,,RDKit fingerprint feature 431 with 2048 bits and path length of 1-7
feat_0432,integer,,RDKit fingerprint feature 432 with 2048 bits and path length of 1-7
feat_0433,integer,,RDKit fingerprint feature 433 with 2048 bits and path length of 1-7
feat_0434,integer,,RDKit fingerprint feature 434 with 2048 bits and path length of 1-7
feat_0435,integer,,RDKit fingerprint feature 435 with 2048 bits and path length of 1-7
feat_0436,integer,,RDKit fingerprint feature 436 with 2048 bits and path length of 1-7
feat_0437,integer,,RDKit fingerprint feature 437 with 2048 bits and path length of 1-7
feat_0438,integer,,RDKit fingerprint feature 438 with 2048 bits and path length of 1-7
feat_0439,integer,,RDKit fingerprint feature 439 with 2048 bits and path length of 1-7
feat_0440,integer,,RDKit fingerprint feature 440 with 2048 bits and path length of 1-7
feat_0441,integer,,RDKit fingerprint feature 441 with 2048 bits and path length of 1-7
feat_0442,integer,,RDKit fingerprint feature 442 with 2048 bits and path length of 1-7
feat_0443,integer,,RDKit fingerprint feature 443 with 2048 bits and path length of 1-7
feat_0444,integer,,RDKit fingerprint feature 444 with 2048 bits and path length of 1-7
feat_0445,integer,,RDKit fingerprint feature 445 with 2048 bits and path length of 1-7
feat_0446,integer,,RDKit fingerprint feature 446 with 2048 bits and path length of 1-7
feat_0447,integer,,RDKit fingerprint feature 447 with 2048 bits and path length of 1-7
feat_0448,integer,,RDKit fingerprint feature 448 with 2048 bits and path length of 1-7
feat_0449,integer,,RDKit fingerprint feature 449 with 2048 bits and path length of 1-7
feat_0450,integer,,RDKit fingerprint feature 450 with 2048 bits and path length of 1-7
feat_0451,integer,,RDKit fingerprint feature 451 with 2048 bits and path length of 1-7
feat_0452,integer,,RDKit fingerprint feature 452 with 2048 bits and path length of 1-7
feat_0453,integer,,RDKit fingerprint feature 453 with 2048 bits and path length of 1-7
feat_0454,integer,,RDKit fingerprint feature 454 with 2048 bits and path length of 1-7
feat_0455,integer,,RDKit fingerprint feature 455 with 2048 bits and path length of 1-7
feat_0456,integer,,RDKit fingerprint feature 456 with 2048 bits and path length of 1-7
feat_0457,integer,,RDKit fingerprint feature 457 with 2048 bits and path length of 1-7
feat_0458,integer,,RDKit fingerprint feature 458 with 2048 bits and path length of 1-7
feat_0459,integer,,RDKit fingerprint feature 459 with 2048 bits and path length of 1-7
feat_0460,integer,,RDKit fingerprint feature 460 with 2048 bits and path length of 1-7
feat_0461,integer,,RDKit fingerprint feature 461 with 2048 bits and path length of 1-7
feat_0462,integer,,RDKit fingerprint feature 462 with 2048 bits and path length of 1-7
feat_0463,integer,,RDKit fingerprint feature 463 with 2048 bits and path length of 1-7
feat_0464,integer,,RDKit fingerprint feature 464 with 2048 bits and path length of 1-7
feat_0465,integer,,RDKit fingerprint feature 465 with 2048 bits and path length of 1-7
feat_0466,integer,,RDKit fingerprint feature 466 with 2048 bits and path length of 1-7
feat_0467,integer,,RDKit fingerprint feature 467 with 2048 bits and path length of 1-7
feat_0468,integer,,RDKit fingerprint feature 468 with 2048 bits and path length of 1-7
feat_0469,integer,,RDKit fingerprint feature 469 with 2048 bits and path length of 1-7
feat_0470,integer,,RDKit fingerprint feature 470 with 2048 bits and path length of 1-7
feat_0471,integer,,RDKit fingerprint feature 471 with 2048 bits and path length of 1-7
feat_0472,integer,,RDKit fingerprint feature 472 with 2048 bits and path length of 1-7
feat_0473,integer,,RDKit fingerprint feature 473 with 2048 bits and path length of 1-7
feat_0474,integer,,RDKit fingerprint feature 474 with 2048 bits and path length of 1-7
feat_0475,integer,,RDKit fingerprint feature 475 with 2048 bits and path length of 1-7
feat_0476,integer,,RDKit fingerprint feature 476 with 2048 bits and path length of 1-7
feat_0477,integer,,RDKit fingerprint feature 477 with 2048 bits and path length of 1-7
feat_0478,integer,,RDKit fingerprint feature 478 with 2048 bits and path length of 1-7
feat_0479,integer,,RDKit fingerprint feature 479 with 2048 bits and path length of 1-7
feat_0480,integer,,RDKit fingerprint feature 480 with 2048 bits and path length of 1-7
feat_0481,integer,,RDKit fingerprint feature 481 with 2048 bits and path length of 1-7
feat_0482,integer,,RDKit fingerprint feature 482 with 2048 bits and path length of 1-7
feat_0483,integer,,RDKit fingerprint feature 483 with 2048 bits and path length of 1-7
feat_0484,integer,,RDKit fingerprint feature 484 with 2048 bits and path length of 1-7
feat_0485,integer,,RDKit fingerprint feature 485 with 2048 bits and path length of 1-7
feat_0486,integer,,RDKit fingerprint feature 486 with 2048 bits and path length of 1-7
feat_0487,integer,,RDKit fingerprint feature 487 with 2048 bits and path length of 1-7
feat_0488,integer,,RDKit fingerprint feature 488 with 2048 bits and path length of 1-7
feat_0489,integer,,RDKit fingerprint feature 489 with 2048 bits and path length of 1-7
feat_0490,integer,,RDKit fingerprint feature 490 with 2048 bits and path length of 1-7
feat_0491,integer,,RDKit fingerprint feature 491 with 2048 bits and path length of 1-7
feat_0492,integer,,RDKit fingerprint feature 492 with 2048 bits and path length of 1-7
feat_0493,integer,,RDKit fingerprint feature 493 with 2048 bits and path length of 1-7
feat_0494,integer,,RDKit fingerprint feature 494 with 2048 bits and path length of 1-7
feat_0495,integer,,RDKit fingerprint feature 495 with 2048 bits and path length of 1-7
feat_0496,integer,,RDKit fingerprint feature 496 with 2048 bits and path length of 1-7
feat_0497,integer,,RDKit fingerprint feature 497 with 2048 bits and path length of 1-7
feat_0498,integer,,RDKit fingerprint feature 498 with 2048 bits and path length of 1-7
feat_0499,integer,,RDKit fingerprint feature 499 with 2048 bits and path length of 1-7
feat_0500,integer,,RDKit fingerprint feature 500 with 2048 bits and path length of 1-7
feat_0501,integer,,RDKit fingerprint feature 501 with 2048 bits and path length of 1-7
feat_0502,integer,,RDKit fingerprint feature 502 with 2048 bits and path length of 1-7
feat_0503,integer,,RDKit fingerprint feature 503 with 2048 bits and path length of 1-7
feat_0504,integer,,RDKit fingerprint feature 504 with 2048 bits and path length of 1-7
feat_0505,integer,,RDKit fingerprint feature 505 with 2048 bits and path length of 1-7
feat_0506,integer,,RDKit fingerprint feature 506 with 2048 bits and path length of 1-7
feat_0507,integer,,RDKit fingerprint feature 507 with 2048 bits and path length of 1-7
feat_0508,integer,,RDKit fingerprint feature 508 with 2048 bits and path length of 1-7
feat_0509,integer,,RDKit fingerprint feature 509 with 2048 bits and path length of 1-7
feat_0510,integer,,RDKit fingerprint feature 510 with 2048 bits and path length of 1-7
feat_0511,integer,,RDKit fingerprint feature 511 with 2048 bits and path length of 1-7
feat_0512,integer,,RDKit fingerprint feature 512 with 2048 bits and path length of 1-7
feat_0513,integer,,RDKit fingerprint feature 513 with 2048 bits and path length of 1-7
feat_0514,integer,,RDKit fingerprint feature 514 with 2048 bits and path length of 1-7
feat_0515,integer,,RDKit fingerprint feature 515 with 2048 bits and path length of 1-7
feat_0516,integer,,RDKit fingerprint feature 516 with 2048 bits and path length of 1-7
feat_0517,integer,,RDKit fingerprint feature 517 with 2048 bits and path length of 1-7
feat_0518,integer,,RDKit fingerprint feature 518 with 2048 bits and path length of 1-7
feat_0519,integer,,RDKit fingerprint feature 519 with 2048 bits and path length of 1-7
feat_0520,integer,,RDKit fingerprint feature 520 with 2048 bits and path length of 1-7
feat_0521,integer,,RDKit fingerprint feature 521 with 2048 bits and path length of 1-7
feat_0522,integer,,RDKit fingerprint feature 522 with 2048 bits and path length of 1-7
feat_0523,integer,,RDKit fingerprint feature 523 with 2048 bits and path length of 1-7
feat_0524,integer,,RDKit fingerprint feature 524 with 2048 bits and path length of 1-7
feat_0525,integer,,RDKit fingerprint feature 525 with 2048 bits and path length of 1-7
feat_0526,integer,,RDKit fingerprint feature 526 with 2048 bits and path length of 1-7
feat_0527,integer,,RDKit fingerprint feature 527 with 2048 bits and path length of 1-7
feat_0528,integer,,RDKit fingerprint feature 528 with 2048 bits and path length of 1-7
feat_0529,integer,,RDKit fingerprint feature 529 with 2048 bits and path length of 1-7
feat_0530,integer,,RDKit fingerprint feature 530 with 2048 bits and path length of 1-7
feat_0531,integer,,RDKit fingerprint feature 531 with 2048 bits and path length of 1-7
feat_0532,integer,,RDKit fingerprint feature 532 with 2048 bits and path length of 1-7
feat_0533,integer,,RDKit fingerprint feature 533 with 2048 bits and path length of 1-7
feat_0534,integer,,RDKit fingerprint feature 534 with 2048 bits and path length of 1-7
feat_0535,integer,,RDKit fingerprint feature 535 with 2048 bits and path length of 1-7
feat_0536,integer,,RDKit fingerprint feature 536 with 2048 bits and path length of 1-7
feat_0537,integer,,RDKit fingerprint feature 537 with 2048 bits and path length of 1-7
feat_0538,integer,,RDKit fingerprint feature 538 with 2048 bits and path length of 1-7
feat_0539,integer,,RDKit fingerprint feature 539 with 2048 bits and path length of 1-7
feat_0540,integer,,RDKit fingerprint feature 540 with 2048 bits and path length of 1-7
feat_0541,integer,,RDKit fingerprint feature 541 with 2048 bits and path length of 1-7
feat_0542,integer,,RDKit fingerprint feature 542 with 2048 bits and path length of 1-7
feat_0543,integer,,RDKit fingerprint feature 543 with 2048 bits and path length of 1-7
feat_0544,integer,,RDKit fingerprint feature 544 with 2048 bits and path length of 1-7
feat_0545,integer,,RDKit fingerprint feature 545 with 2048 bits and path length of 1-7
feat_0546,integer,,RDKit fingerprint feature 546 with 2048 bits and path length of 1-7
feat_0547,integer,,RDKit fingerprint feature 547 with 2048 bits and path length of 1-7
feat_0548,integer,,RDKit fingerprint feature 548 with 2048 bits and path length of 1-7
feat_0549,integer,,RDKit fingerprint feature 549 with 2048 bits and path length of 1-7
feat_0550,integer,,RDKit fingerprint feature 550 with 2048 bits and path length of 1-7
feat_0551,integer,,RDKit fingerprint feature 551 with 2048 bits and path length of 1-7
feat_0552,integer,,RDKit fingerprint feature 552 with 2048 bits and path length of 1-7
feat_0553,integer,,RDKit fingerprint feature 553 with 2048 bits and path length of 1-7
feat_0554,integer,,RDKit fingerprint feature 554 with 2048 bits and path length of 1-7
feat_0555,integer,,RDKit fingerprint feature 555 with 2048 bits and path length of 1-7
feat_0556,integer,,RDKit fingerprint feature 556 with 2048 bits and path length of 1-7
feat_0557,integer,,RDKit fingerprint feature 557 with 2048 bits and path length of 1-7
feat_0558,integer,,RDKit fingerprint feature 558 with 2048 bits and path length of 1-7
feat_0559,integer,,RDKit fingerprint feature 559 with 2048 bits and path length of 1-7
feat_0560,integer,,RDKit fingerprint feature 560 with 2048 bits and path length of 1-7
feat_0561,integer,,RDKit fingerprint feature 561 with 2048 bits and path length of 1-7
feat_0562,integer,,RDKit fingerprint feature 562 with 2048 bits and path length of 1-7
feat_0563,integer,,RDKit fingerprint feature 563 with 2048 bits and path length of 1-7
feat_0564,integer,,RDKit fingerprint feature 564 with 2048 bits and path length of 1-7
feat_0565,integer,,RDKit fingerprint feature 565 with 2048 bits and path length of 1-7
feat_0566,integer,,RDKit fingerprint feature 566 with 2048 bits and path length of 1-7
feat_0567,integer,,RDKit fingerprint feature 567 with 2048 bits and path length of 1-7
feat_0568,integer,,RDKit fingerprint feature 568 with 2048 bits and path length of 1-7
feat_0569,integer,,RDKit fingerprint feature 569 with 2048 bits and path length of 1-7
feat_0570,integer,,RDKit fingerprint feature 570 with 2048 bits and path length of 1-7
feat_0571,integer,,RDKit fingerprint feature 571 with 2048 bits and path length of 1-7
feat_0572,integer,,RDKit fingerprint feature 572 with 2048 bits and path length of 1-7
feat_0573,integer,,RDKit fingerprint feature 573 with 2048 bits and path length of 1-7
feat_0574,integer,,RDKit fingerprint feature 574 with 2048 bits and path length of 1-7
feat_0575,integer,,RDKit fingerprint feature 575 with 2048 bits and path length of 1-7
feat_0576,integer,,RDKit fingerprint feature 576 with 2048 bits and path length of 1-7
feat_0577,integer,,RDKit fingerprint feature 577 with 2048 bits and path length of 1-7
feat_0578,integer,,RDKit fingerprint feature 578 with 2048 bits and path length of 1-7
feat_0579,integer,,RDKit fingerprint feature 579 with 2048 bits and path length of 1-7
feat_0580,integer,,RDKit fingerprint feature 580 with 2048 bits and path length of 1-7
feat_0581,integer,,RDKit fingerprint feature 581 with 2048 bits and path length of 1-7
feat_0582,integer,,RDKit fingerprint feature 582 with 2048 bits and path length of 1-7
feat_0583,integer,,RDKit fingerprint feature 583 with 2048 bits and path length of 1-7
feat_0584,integer,,RDKit fingerprint feature 584 with 2048 bits and path length of 1-7
feat_0585,integer,,RDKit fingerprint feature 585 with 2048 bits and path length of 1-7
feat_0586,integer,,RDKit fingerprint feature 586 with 2048 bits and path length of 1-7
feat_0587,integer,,RDKit fingerprint feature 587 with 2048 bits and path length of 1-7
feat_0588,integer,,RDKit fingerprint feature 588 with 2048 bits and path length of 1-7
feat_0589,integer,,RDKit fingerprint feature 589 with 2048 bits and path length of 1-7
feat_0590,integer,,RDKit fingerprint feature 590 with 2048 bits and path length of 1-7
feat_0591,integer,,RDKit fingerprint feature 591 with 2048 bits and path length of 1-7
feat_0592,integer,,RDKit fingerprint feature 592 with 2048 bits and path length of 1-7
feat_0593,integer,,RDKit fingerprint feature 593 with 2048 bits and path length of 1-7
feat_0594,integer,,RDKit fingerprint feature 594 with 2048 bits and path length of 1-7
feat_0595,integer,,RDKit fingerprint feature 595 with 2048 bits and path length of 1-7
feat_0596,integer,,RDKit fingerprint feature 596 with 2048 bits and path length of 1-7
feat_0597,integer,,RDKit fingerprint feature 597 with 2048 bits and path length of 1-7
feat_0598,integer,,RDKit fingerprint feature 598 with 2048 bits and path length of 1-7
feat_0599,integer,,RDKit fingerprint feature 599 with 2048 bits and path length of 1-7
feat_0600,integer,,RDKit fingerprint feature 600 with 2048 bits and path length of 1-7
feat_0601,integer,,RDKit fingerprint feature 601 with 2048 bits and path length of 1-7
feat_0602,integer,,RDKit fingerprint feature 602 with 2048 bits and path length of 1-7
feat_0603,integer,,RDKit fingerprint feature 603 with 2048 bits and path length of 1-7
feat_0604,integer,,RDKit fingerprint feature 604 with 2048 bits and path length of 1-7
feat_0605,integer,,RDKit fingerprint feature 605 with 2048 bits and path length of 1-7
feat_0606,integer,,RDKit fingerprint feature 606 with 2048 bits and path length of 1-7
feat_0607,integer,,RDKit fingerprint feature 607 with 2048 bits and path length of 1-7
feat_0608,integer,,RDKit fingerprint feature 608 with 2048 bits and path length of 1-7
feat_0609,integer,,RDKit fingerprint feature 609 with 2048 bits and path length of 1-7
feat_0610,integer,,RDKit fingerprint feature 610 with 2048 bits and path length of 1-7
feat_0611,integer,,RDKit fingerprint feature 611 with 2048 bits and path length of 1-7
feat_0612,integer,,RDKit fingerprint feature 612 with 2048 bits and path length of 1-7
feat_0613,integer,,RDKit fingerprint feature 613 with 2048 bits and path length of 1-7
feat_0614,integer,,RDKit fingerprint feature 614 with 2048 bits and path length of 1-7
feat_0615,integer,,RDKit fingerprint feature 615 with 2048 bits and path length of 1-7
feat_0616,integer,,RDKit fingerprint feature 616 with 2048 bits and path length of 1-7
feat_0617,integer,,RDKit fingerprint feature 617 with 2048 bits and path length of 1-7
feat_0618,integer,,RDKit fingerprint feature 618 with 2048 bits and path length of 1-7
feat_0619,integer,,RDKit fingerprint feature 619 with 2048 bits and path length of 1-7
feat_0620,integer,,RDKit fingerprint feature 620 with 2048 bits and path length of 1-7
feat_0621,integer,,RDKit fingerprint feature 621 with 2048 bits and path length of 1-7
feat_0622,integer,,RDKit fingerprint feature 622 with 2048 bits and path length of 1-7
feat_0623,integer,,RDKit fingerprint feature 623 with 2048 bits and path length of 1-7
feat_0624,integer,,RDKit fingerprint feature 624 with 2048 bits and path length of 1-7
feat_0625,integer,,RDKit fingerprint feature 625 with 2048 bits and path length of 1-7
feat_0626,integer,,RDKit fingerprint feature 626 with 2048 bits and path length of 1-7
feat_0627,integer,,RDKit fingerprint feature 627 with 2048 bits and path length of 1-7
feat_0628,integer,,RDKit fingerprint feature 628 with 2048 bits and path length of 1-7
feat_0629,integer,,RDKit fingerprint feature 629 with 2048 bits and path length of 1-7
feat_0630,integer,,RDKit fingerprint feature 630 with 2048 bits and path length of 1-7
feat_0631,integer,,RDKit fingerprint feature 631 with 2048 bits and path length of 1-7
feat_0632,integer,,RDKit fingerprint feature 632 with 2048 bits and path length of 1-7
feat_0633,integer,,RDKit fingerprint feature 633 with 2048 bits and path length of 1-7
feat_0634,integer,,RDKit fingerprint feature 634 with 2048 bits and path length of 1-7
feat_0635,integer,,RDKit fingerprint feature 635 with 2048 bits and path length of 1-7
feat_0636,integer,,RDKit fingerprint feature 636 with 2048 bits and path length of 1-7
feat_0637,integer,,RDKit fingerprint feature 637 with 2048 bits and path length of 1-7
feat_0638,integer,,RDKit fingerprint feature 638 with 2048 bits and path length of 1-7
feat_0639,integer,,RDKit fingerprint feature 639 with 2048 bits and path length of 1-7
feat_0640,integer,,RDKit fingerprint feature 640 with 2048 bits and path length of 1-7
feat_0641,integer,,RDKit fingerprint feature 641 with 2048 bits and path length of 1-7
feat_0642,integer,,RDKit fingerprint feature 642 with 2048 bits and path length of 1-7
feat_0643,integer,,RDKit fingerprint feature 643 with 2048 bits and path length of 1-7
feat_0644,integer,,RDKit fingerprint feature 644 with 2048 bits and path length of 1-7
feat_0645,integer,,RDKit fingerprint feature 645 with 2048 bits and path length of 1-7
feat_0646,integer,,RDKit fingerprint feature 646 with 2048 bits and path length of 1-7
feat_0647,integer,,RDKit fingerprint feature 647 with 2048 bits and path length of 1-7
feat_0648,integer,,RDKit fingerprint feature 648 with 2048 bits and path length of 1-7
feat_0649,integer,,RDKit fingerprint feature 649 with 2048 bits and path length of 1-7
feat_0650,integer,,RDKit fingerprint feature 650 with 2048 bits and path length of 1-7
feat_0651,integer,,RDKit fingerprint feature 651 with 2048 bits and path length of 1-7
feat_0652,integer,,RDKit fingerprint feature 652 with 2048 bits and path length of 1-7
feat_0653,integer,,RDKit fingerprint feature 653 with 2048 bits and path length of 1-7
feat_0654,integer,,RDKit fingerprint feature 654 with 2048 bits and path length of 1-7
feat_0655,integer,,RDKit fingerprint feature 655 with 2048 bits and path length of 1-7
feat_0656,integer,,RDKit fingerprint feature 656 with 2048 bits and path length of 1-7
feat_0657,integer,,RDKit fingerprint feature 657 with 2048 bits and path length of 1-7
feat_0658,integer,,RDKit fingerprint feature 658 with 2048 bits and path length of 1-7
feat_0659,integer,,RDKit fingerprint feature 659 with 2048 bits and path length of 1-7
feat_0660,integer,,RDKit fingerprint feature 660 with 2048 bits and path length of 1-7
feat_0661,integer,,RDKit fingerprint feature 661 with 2048 bits and path length of 1-7
feat_0662,integer,,RDKit fingerprint feature 662 with 2048 bits and path length of 1-7
feat_0663,integer,,RDKit fingerprint feature 663 with 2048 bits and path length of 1-7
feat_0664,integer,,RDKit fingerprint feature 664 with 2048 bits and path length of 1-7
feat_0665,integer,,RDKit fingerprint feature 665 with 2048 bits and path length of 1-7
feat_0666,integer,,RDKit fingerprint feature 666 with 2048 bits and path length of 1-7
feat_0667,integer,,RDKit fingerprint feature 667 with 2048 bits and path length of 1-7
feat_0668,integer,,RDKit fingerprint feature 668 with 2048 bits and path length of 1-7
feat_0669,integer,,RDKit fingerprint feature 669 with 2048 bits and path length of 1-7
feat_0670,integer,,RDKit fingerprint feature 670 with 2048 bits and path length of 1-7
feat_0671,integer,,RDKit fingerprint feature 671 with 2048 bits and path length of 1-7
feat_0672,integer,,RDKit fingerprint feature 672 with 2048 bits and path length of 1-7
feat_0673,integer,,RDKit fingerprint feature 673 with 2048 bits and path length of 1-7
feat_0674,integer,,RDKit fingerprint feature 674 with 2048 bits and path length of 1-7
feat_0675,integer,,RDKit fingerprint feature 675 with 2048 bits and path length of 1-7
feat_0676,integer,,RDKit fingerprint feature 676 with 2048 bits and path length of 1-7
feat_0677,integer,,RDKit fingerprint feature 677 with 2048 bits and path length of 1-7
feat_0678,integer,,RDKit fingerprint feature 678 with 2048 bits and path length of 1-7
feat_0679,integer,,RDKit fingerprint feature 679 with 2048 bits and path length of 1-7
feat_0680,integer,,RDKit fingerprint feature 680 with 2048 bits and path length of 1-7
feat_0681,integer,,RDKit fingerprint feature 681 with 2048 bits and path length of 1-7
feat_0682,integer,,RDKit fingerprint feature 682 with 2048 bits and path length of 1-7
feat_0683,integer,,RDKit fingerprint feature 683 with 2048 bits and path length of 1-7
feat_0684,integer,,RDKit fingerprint feature 684 with 2048 bits and path length of 1-7
feat_0685,integer,,RDKit fingerprint feature 685 with 2048 bits and path length of 1-7
feat_0686,integer,,RDKit fingerprint feature 686 with 2048 bits and path length of 1-7
feat_0687,integer,,RDKit fingerprint feature 687 with 2048 bits and path length of 1-7
feat_0688,integer,,RDKit fingerprint feature 688 with 2048 bits and path length of 1-7
feat_0689,integer,,RDKit fingerprint feature 689 with 2048 bits and path length of 1-7
feat_0690,integer,,RDKit fingerprint feature 690 with 2048 bits and path length of 1-7
feat_0691,integer,,RDKit fingerprint feature 691 with 2048 bits and path length of 1-7
feat_0692,integer,,RDKit fingerprint feature 692 with 2048 bits and path length of 1-7
feat_0693,integer,,RDKit fingerprint feature 693 with 2048 bits and path length of 1-7
feat_0694,integer,,RDKit fingerprint feature 694 with 2048 bits and path length of 1-7
feat_0695,integer,,RDKit fingerprint feature 695 with 2048 bits and path length of 1-7
feat_0696,integer,,RDKit fingerprint feature 696 with 2048 bits and path length of 1-7
feat_0697,integer,,RDKit fingerprint feature 697 with 2048 bits and path length of 1-7
feat_0698,integer,,RDKit fingerprint feature 698 with 2048 bits and path length of 1-7
feat_0699,integer,,RDKit fingerprint feature 699 with 2048 bits and path length of 1-7
feat_0700,integer,,RDKit fingerprint feature 700 with 2048 bits and path length of 1-7
feat_0701,integer,,RDKit fingerprint feature 701 with 2048 bits and path length of 1-7
feat_0702,integer,,RDKit fingerprint feature 702 with 2048 bits and path length of 1-7
feat_0703,integer,,RDKit fingerprint feature 703 with 2048 bits and path length of 1-7
feat_0704,integer,,RDKit fingerprint feature 704 with 2048 bits and path length of 1-7
feat_0705,integer,,RDKit fingerprint feature 705 with 2048 bits and path length of 1-7
feat_0706,integer,,RDKit fingerprint feature 706 with 2048 bits and path length of 1-7
feat_0707,integer,,RDKit fingerprint feature 707 with 2048 bits and path length of 1-7
feat_0708,integer,,RDKit fingerprint feature 708 with 2048 bits and path length of 1-7
feat_0709,integer,,RDKit fingerprint feature 709 with 2048 bits and path length of 1-7
feat_0710,integer,,RDKit fingerprint feature 710 with 2048 bits and path length of 1-7
feat_0711,integer,,RDKit fingerprint feature 711 with 2048 bits and path length of 1-7
feat_0712,integer,,RDKit fingerprint feature 712 with 2048 bits and path length of 1-7
feat_0713,integer,,RDKit fingerprint feature 713 with 2048 bits and path length of 1-7
feat_0714,integer,,RDKit fingerprint feature 714 with 2048 bits and path length of 1-7
feat_0715,integer,,RDKit fingerprint feature 715 with 2048 bits and path length of 1-7
feat_0716,integer,,RDKit fingerprint feature 716 with 2048 bits and path length of 1-7
feat_0717,integer,,RDKit fingerprint feature 717 with 2048 bits and path length of 1-7
feat_0718,integer,,RDKit fingerprint feature 718 with 2048 bits and path length of 1-7
feat_0719,integer,,RDKit fingerprint feature 719 with 2048 bits and path length of 1-7
feat_0720,integer,,RDKit fingerprint feature 720 with 2048 bits and path length of 1-7
feat_0721,integer,,RDKit fingerprint feature 721 with 2048 bits and path length of 1-7
feat_0722,integer,,RDKit fingerprint feature 722 with 2048 bits and path length of 1-7
feat_0723,integer,,RDKit fingerprint feature 723 with 2048 bits and path length of 1-7
feat_0724,integer,,RDKit fingerprint feature 724 with 2048 bits and path length of 1-7
feat_0725,integer,,RDKit fingerprint feature 725 with 2048 bits and path length of 1-7
feat_0726,integer,,RDKit fingerprint feature 726 with 2048 bits and path length of 1-7
feat_0727,integer,,RDKit fingerprint feature 727 with 2048 bits and path length of 1-7
feat_0728,integer,,RDKit fingerprint feature 728 with 2048 bits and path length of 1-7
feat_0729,integer,,RDKit fingerprint feature 729 with 2048 bits and path length of 1-7
feat_0730,integer,,RDKit fingerprint feature 730 with 2048 bits and path length of 1-7
feat_0731,integer,,RDKit fingerprint feature 731 with 2048 bits and path length of 1-7
feat_0732,integer,,RDKit fingerprint feature 732 with 2048 bits and path length of 1-7
feat_0733,integer,,RDKit fingerprint feature 733 with 2048 bits and path length of 1-7
feat_0734,integer,,RDKit fingerprint feature 734 with 2048 bits and path length of 1-7
feat_0735,integer,,RDKit fingerprint feature 735 with 2048 bits and path length of 1-7
feat_0736,integer,,RDKit fingerprint feature 736 with 2048 bits and path length of 1-7
feat_0737,integer,,RDKit fingerprint feature 737 with 2048 bits and path length of 1-7
feat_0738,integer,,RDKit fingerprint feature 738 with 2048 bits and path length of 1-7
feat_0739,integer,,RDKit fingerprint feature 739 with 2048 bits and path length of 1-7
feat_0740,integer,,RDKit fingerprint feature 740 with 2048 bits and path length of 1-7
feat_0741,integer,,RDKit fingerprint feature 741 with 2048 bits and path length of 1-7
feat_0742,integer,,RDKit fingerprint feature 742 with 2048 bits and path length of 1-7
feat_0743,integer,,RDKit fingerprint feature 743 with 2048 bits and path length of 1-7
feat_0744,integer,,RDKit fingerprint feature 744 with 2048 bits and path length of 1-7
feat_0745,integer,,RDKit fingerprint feature 745 with 2048 bits and path length of 1-7
feat_0746,integer,,RDKit fingerprint feature 746 with 2048 bits and path length of 1-7
feat_0747,integer,,RDKit fingerprint feature 747 with 2048 bits and path length of 1-7
feat_0748,integer,,RDKit fingerprint feature 748 with 2048 bits and path length of 1-7
feat_0749,integer,,RDKit fingerprint feature 749 with 2048 bits and path length of 1-7
feat_0750,integer,,RDKit fingerprint feature 750 with 2048 bits and path length of 1-7
feat_0751,integer,,RDKit fingerprint feature 751 with 2048 bits and path length of 1-7
feat_0752,integer,,RDKit fingerprint feature 752 with 2048 bits and path length of 1-7
feat_0753,integer,,RDKit fingerprint feature 753 with 2048 bits and path length of 1-7
feat_0754,integer,,RDKit fingerprint feature 754 with 2048 bits and path length of 1-7
feat_0755,integer,,RDKit fingerprint feature 755 with 2048 bits and path length of 1-7
feat_0756,integer,,RDKit fingerprint feature 756 with 2048 bits and path length of 1-7
feat_0757,integer,,RDKit fingerprint feature 757 with 2048 bits and path length of 1-7
feat_0758,integer,,RDKit fingerprint feature 758 with 2048 bits and path length of 1-7
feat_0759,integer,,RDKit fingerprint feature 759 with 2048 bits and path length of 1-7
feat_0760,integer,,RDKit fingerprint feature 760 with 2048 bits and path length of 1-7
feat_0761,integer,,RDKit fingerprint feature 761 with 2048 bits and path length of 1-7
feat_0762,integer,,RDKit fingerprint feature 762 with 2048 bits and path length of 1-7
feat_0763,integer,,RDKit fingerprint feature 763 with 2048 bits and path length of 1-7
feat_0764,integer,,RDKit fingerprint feature 764 with 2048 bits and path length of 1-7
feat_0765,integer,,RDKit fingerprint feature 765 with 2048 bits and path length of 1-7
feat_0766,integer,,RDKit fingerprint feature 766 with 2048 bits and path length of 1-7
feat_0767,integer,,RDKit fingerprint feature 767 with 2048 bits and path length of 1-7
feat_0768,integer,,RDKit fingerprint feature 768 with 2048 bits and path length of 1-7
feat_0769,integer,,RDKit fingerprint feature 769 with 2048 bits and path length of 1-7
feat_0770,integer,,RDKit fingerprint feature 770 with 2048 bits and path length of 1-7
feat_0771,integer,,RDKit fingerprint feature 771 with 2048 bits and path length of 1-7
feat_0772,integer,,RDKit fingerprint feature 772 with 2048 bits and path length of 1-7
feat_0773,integer,,RDKit fingerprint feature 773 with 2048 bits and path length of 1-7
feat_0774,integer,,RDKit fingerprint feature 774 with 2048 bits and path length of 1-7
feat_0775,integer,,RDKit fingerprint feature 775 with 2048 bits and path length of 1-7
feat_0776,integer,,RDKit fingerprint feature 776 with 2048 bits and path length of 1-7
feat_0777,integer,,RDKit fingerprint feature 777 with 2048 bits and path length of 1-7
feat_0778,integer,,RDKit fingerprint feature 778 with 2048 bits and path length of 1-7
feat_0779,integer,,RDKit fingerprint feature 779 with 2048 bits and path length of 1-7
feat_0780,integer,,RDKit fingerprint feature 780 with 2048 bits and path length of 1-7
feat_0781,integer,,RDKit fingerprint feature 781 with 2048 bits and path length of 1-7
feat_0782,integer,,RDKit fingerprint feature 782 with 2048 bits and path length of 1-7
feat_0783,integer,,RDKit fingerprint feature 783 with 2048 bits and path length of 1-7
feat_0784,integer,,RDKit fingerprint feature 784 with 2048 bits and path length of 1-7
feat_0785,integer,,RDKit fingerprint feature 785 with 2048 bits and path length of 1-7
feat_0786,integer,,RDKit fingerprint feature 786 with 2048 bits and path length of 1-7
feat_0787,integer,,RDKit fingerprint feature 787 with 2048 bits and path length of 1-7
feat_0788,integer,,RDKit fingerprint feature 788 with 2048 bits and path length of 1-7
feat_0789,integer,,RDKit fingerprint feature 789 with 2048 bits and path length of 1-7
feat_0790,integer,,RDKit fingerprint feature 790 with 2048 bits and path length of 1-7
feat_0791,integer,,RDKit fingerprint feature 791 with 2048 bits and path length of 1-7
feat_0792,integer,,RDKit fingerprint feature 792 with 2048 bits and path length of 1-7
feat_0793,integer,,RDKit fingerprint feature 793 with 2048 bits and path length of 1-7
feat_0794,integer,,RDKit fingerprint feature 794 with 2048 bits and path length of 1-7
feat_0795,integer,,RDKit fingerprint feature 795 with 2048 bits and path length of 1-7
feat_0796,integer,,RDKit fingerprint feature 796 with 2048 bits and path length of 1-7
feat_0797,integer,,RDKit fingerprint feature 797 with 2048 bits and path length of 1-7
feat_0798,integer,,RDKit fingerprint feature 798 with 2048 bits and path length of 1-7
feat_0799,integer,,RDKit fingerprint feature 799 with 2048 bits and path length of 1-7
feat_0800,integer,,RDKit fingerprint feature 800 with 2048 bits and path length of 1-7
feat_0801,integer,,RDKit fingerprint feature 801 with 2048 bits and path length of 1-7
feat_0802,integer,,RDKit fingerprint feature 802 with 2048 bits and path length of 1-7
feat_0803,integer,,RDKit fingerprint feature 803 with 2048 bits and path length of 1-7
feat_0804,integer,,RDKit fingerprint feature 804 with 2048 bits and path length of 1-7
feat_0805,integer,,RDKit fingerprint feature 805 with 2048 bits and path length of 1-7
feat_0806,integer,,RDKit fingerprint feature 806 with 2048 bits and path length of 1-7
feat_0807,integer,,RDKit fingerprint feature 807 with 2048 bits and path length of 1-7
feat_0808,integer,,RDKit fingerprint feature 808 with 2048 bits and path length of 1-7
feat_0809,integer,,RDKit fingerprint feature 809 with 2048 bits and path length of 1-7
feat_0810,integer,,RDKit fingerprint feature 810 with 2048 bits and path length of 1-7
feat_0811,integer,,RDKit fingerprint feature 811 with 2048 bits and path length of 1-7
feat_0812,integer,,RDKit fingerprint feature 812 with 2048 bits and path length of 1-7
feat_0813,integer,,RDKit fingerprint feature 813 with 2048 bits and path length of 1-7
feat_0814,integer,,RDKit fingerprint feature 814 with 2048 bits and path length of 1-7
feat_0815,integer,,RDKit fingerprint feature 815 with 2048 bits and path length of 1-7
feat_0816,integer,,RDKit fingerprint feature 816 with 2048 bits and path length of 1-7
feat_0817,integer,,RDKit fingerprint feature 817 with 2048 bits and path length of 1-7
feat_0818,integer,,RDKit fingerprint feature 818 with 2048 bits and path length of 1-7
feat_0819,integer,,RDKit fingerprint feature 819 with 2048 bits and path length of 1-7
feat_0820,integer,,RDKit fingerprint feature 820 with 2048 bits and path length of 1-7
feat_0821,integer,,RDKit fingerprint feature 821 with 2048 bits and path length of 1-7
feat_0822,integer,,RDKit fingerprint feature 822 with 2048 bits and path length of 1-7
feat_0823,integer,,RDKit fingerprint feature 823 with 2048 bits and path length of 1-7
feat_0824,integer,,RDKit fingerprint feature 824 with 2048 bits and path length of 1-7
feat_0825,integer,,RDKit fingerprint feature 825 with 2048 bits and path length of 1-7
feat_0826,integer,,RDKit fingerprint feature 826 with 2048 bits and path length of 1-7
feat_0827,integer,,RDKit fingerprint feature 827 with 2048 bits and path length of 1-7
feat_0828,integer,,RDKit fingerprint feature 828 with 2048 bits and path length of 1-7
feat_0829,integer,,RDKit fingerprint feature 829 with 2048 bits and path length of 1-7
feat_0830,integer,,RDKit fingerprint feature 830 with 2048 bits and path length of 1-7
feat_0831,integer,,RDKit fingerprint feature 831 with 2048 bits and path length of 1-7
feat_0832,integer,,RDKit fingerprint feature 832 with 2048 bits and path length of 1-7
feat_0833,integer,,RDKit fingerprint feature 833 with 2048 bits and path length of 1-7
feat_0834,integer,,RDKit fingerprint feature 834 with 2048 bits and path length of 1-7
feat_0835,integer,,RDKit fingerprint feature 835 with 2048 bits and path length of 1-7
feat_0836,integer,,RDKit fingerprint feature 836 with 2048 bits and path length of 1-7
feat_0837,integer,,RDKit fingerprint feature 837 with 2048 bits and path length of 1-7
feat_0838,integer,,RDKit fingerprint feature 838 with 2048 bits and path length of 1-7
feat_0839,integer,,RDKit fingerprint feature 839 with 2048 bits and path length of 1-7
feat_0840,integer,,RDKit fingerprint feature 840 with 2048 bits and path length of 1-7
feat_0841,integer,,RDKit fingerprint feature 841 with 2048 bits and path length of 1-7
feat_0842,integer,,RDKit fingerprint feature 842 with 2048 bits and path length of 1-7
feat_0843,integer,,RDKit fingerprint feature 843 with 2048 bits and path length of 1-7
feat_0844,integer,,RDKit fingerprint feature 844 with 2048 bits and path length of 1-7
feat_0845,integer,,RDKit fingerprint feature 845 with 2048 bits and path length of 1-7
feat_0846,integer,,RDKit fingerprint feature 846 with 2048 bits and path length of 1-7
feat_0847,integer,,RDKit fingerprint feature 847 with 2048 bits and path length of 1-7
feat_0848,integer,,RDKit fingerprint feature 848 with 2048 bits and path length of 1-7
feat_0849,integer,,RDKit fingerprint feature 849 with 2048 bits and path length of 1-7
feat_0850,integer,,RDKit fingerprint feature 850 with 2048 bits and path length of 1-7
feat_0851,integer,,RDKit fingerprint feature 851 with 2048 bits and path length of 1-7
feat_0852,integer,,RDKit fingerprint feature 852 with 2048 bits and path length of 1-7
feat_0853,integer,,RDKit fingerprint feature 853 with 2048 bits and path length of 1-7
feat_0854,integer,,RDKit fingerprint feature 854 with 2048 bits and path length of 1-7
feat_0855,integer,,RDKit fingerprint feature 855 with 2048 bits and path length of 1-7
feat_0856,integer,,RDKit fingerprint feature 856 with 2048 bits and path length of 1-7
feat_0857,integer,,RDKit fingerprint feature 857 with 2048 bits and path length of 1-7
feat_0858,integer,,RDKit fingerprint feature 858 with 2048 bits and path length of 1-7
feat_0859,integer,,RDKit fingerprint feature 859 with 2048 bits and path length of 1-7
feat_0860,integer,,RDKit fingerprint feature 860 with 2048 bits and path length of 1-7
feat_0861,integer,,RDKit fingerprint feature 861 with 2048 bits and path length of 1-7
feat_0862,integer,,RDKit fingerprint feature 862 with 2048 bits and path length of 1-7
feat_0863,integer,,RDKit fingerprint feature 863 with 2048 bits and path length of 1-7
feat_0864,integer,,RDKit fingerprint feature 864 with 2048 bits and path length of 1-7
feat_0865,integer,,RDKit fingerprint feature 865 with 2048 bits and path length of 1-7
feat_0866,integer,,RDKit fingerprint feature 866 with 2048 bits and path length of 1-7
feat_0867,integer,,RDKit fingerprint feature 867 with 2048 bits and path length of 1-7
feat_0868,integer,,RDKit fingerprint feature 868 with 2048 bits and path length of 1-7
feat_0869,integer,,RDKit fingerprint feature 869 with 2048 bits and path length of 1-7
feat_0870,integer,,RDKit fingerprint feature 870 with 2048 bits and path length of 1-7
feat_0871,integer,,RDKit fingerprint feature 871 with 2048 bits and path length of 1-7
feat_0872,integer,,RDKit fingerprint feature 872 with 2048 bits and path length of 1-7
feat_0873,integer,,RDKit fingerprint feature 873 with 2048 bits and path length of 1-7
feat_0874,integer,,RDKit fingerprint feature 874 with 2048 bits and path length of 1-7
feat_0875,integer,,RDKit fingerprint feature 875 with 2048 bits and path length of 1-7
feat_0876,integer,,RDKit fingerprint feature 876 with 2048 bits and path length of 1-7
feat_0877,integer,,RDKit fingerprint feature 877 with 2048 bits and path length of 1-7
feat_0878,integer,,RDKit fingerprint feature 878 with 2048 bits and path length of 1-7
feat_0879,integer,,RDKit fingerprint feature 879 with 2048 bits and path length of 1-7
feat_0880,integer,,RDKit fingerprint feature 880 with 2048 bits and path length of 1-7
feat_0881,integer,,RDKit fingerprint feature 881 with 2048 bits and path length of 1-7
feat_0882,integer,,RDKit fingerprint feature 882 with 2048 bits and path length of 1-7
feat_0883,integer,,RDKit fingerprint feature 883 with 2048 bits and path length of 1-7
feat_0884,integer,,RDKit fingerprint feature 884 with 2048 bits and path length of 1-7
feat_0885,integer,,RDKit fingerprint feature 885 with 2048 bits and path length of 1-7
feat_0886,integer,,RDKit fingerprint feature 886 with 2048 bits and path length of 1-7
feat_0887,integer,,RDKit fingerprint feature 887 with 2048 bits and path length of 1-7
feat_0888,integer,,RDKit fingerprint feature 888 with 2048 bits and path length of 1-7
feat_0889,integer,,RDKit fingerprint feature 889 with 2048 bits and path length of 1-7
feat_0890,integer,,RDKit fingerprint feature 890 with 2048 bits and path length of 1-7
feat_0891,integer,,RDKit fingerprint feature 891 with 2048 bits and path length of 1-7
feat_0892,integer,,RDKit fingerprint feature 892 with 2048 bits and path length of 1-7
feat_0893,integer,,RDKit fingerprint feature 893 with 2048 bits and path length of 1-7
feat_0894,integer,,RDKit fingerprint feature 894 with 2048 bits and path length of 1-7
feat_0895,integer,,RDKit fingerprint feature 895 with 2048 bits and path length of 1-7
feat_0896,integer,,RDKit fingerprint feature 896 with 2048 bits and path length of 1-7
feat_0897,integer,,RDKit fingerprint feature 897 with 2048 bits and path length of 1-7
feat_0898,integer,,RDKit fingerprint feature 898 with 2048 bits and path length of 1-7
feat_0899,integer,,RDKit fingerprint feature 899 with 2048 bits and path length of 1-7
feat_0900,integer,,RDKit fingerprint feature 900 with 2048 bits and path length of 1-7
feat_0901,integer,,RDKit fingerprint feature 901 with 2048 bits and path length of 1-7
feat_0902,integer,,RDKit fingerprint feature 902 with 2048 bits and path length of 1-7
feat_0903,integer,,RDKit fingerprint feature 903 with 2048 bits and path length of 1-7
feat_0904,integer,,RDKit fingerprint feature 904 with 2048 bits and path length of 1-7
feat_0905,integer,,RDKit fingerprint feature 905 with 2048 bits and path length of 1-7
feat_0906,integer,,RDKit fingerprint feature 906 with 2048 bits and path length of 1-7
feat_0907,integer,,RDKit fingerprint feature 907 with 2048 bits and path length of 1-7
feat_0908,integer,,RDKit fingerprint feature 908 with 2048 bits and path length of 1-7
feat_0909,integer,,RDKit fingerprint feature 909 with 2048 bits and path length of 1-7
feat_0910,integer,,RDKit fingerprint feature 910 with 2048 bits and path length of 1-7
feat_0911,integer,,RDKit fingerprint feature 911 with 2048 bits and path length of 1-7
feat_0912,integer,,RDKit fingerprint feature 912 with 2048 bits and path length of 1-7
feat_0913,integer,,RDKit fingerprint feature 913 with 2048 bits and path length of 1-7
feat_0914,integer,,RDKit fingerprint feature 914 with 2048 bits and path length of 1-7
feat_0915,integer,,RDKit fingerprint feature 915 with 2048 bits and path length of 1-7
feat_0916,integer,,RDKit fingerprint feature 916 with 2048 bits and path length of 1-7
feat_0917,integer,,RDKit fingerprint feature 917 with 2048 bits and path length of 1-7
feat_0918,integer,,RDKit fingerprint feature 918 with 2048 bits and path length of 1-7
feat_0919,integer,,RDKit fingerprint feature 919 with 2048 bits and path length of 1-7
feat_0920,integer,,RDKit fingerprint feature 920 with 2048 bits and path length of 1-7
feat_0921,integer,,RDKit fingerprint feature 921 with 2048 bits and path length of 1-7
feat_0922,integer,,RDKit fingerprint feature 922 with 2048 bits and path length of 1-7
feat_0923,integer,,RDKit fingerprint feature 923 with 2048 bits and path length of 1-7
feat_0924,integer,,RDKit fingerprint feature 924 with 2048 bits and path length of 1-7
feat_0925,integer,,RDKit fingerprint feature 925 with 2048 bits and path length of 1-7
feat_0926,integer,,RDKit fingerprint feature 926 with 2048 bits and path length of 1-7
feat_0927,integer,,RDKit fingerprint feature 927 with 2048 bits and path length of 1-7
feat_0928,integer,,RDKit fingerprint feature 928 with 2048 bits and path length of 1-7
feat_0929,integer,,RDKit fingerprint feature 929 with 2048 bits and path length of 1-7
feat_0930,integer,,RDKit fingerprint feature 930 with 2048 bits and path length of 1-7
feat_0931,integer,,RDKit fingerprint feature 931 with 2048 bits and path length of 1-7
feat_0932,integer,,RDKit fingerprint feature 932 with 2048 bits and path length of 1-7
feat_0933,integer,,RDKit fingerprint feature 933 with 2048 bits and path length of 1-7
feat_0934,integer,,RDKit fingerprint feature 934 with 2048 bits and path length of 1-7
feat_0935,integer,,RDKit fingerprint feature 935 with 2048 bits and path length of 1-7
feat_0936,integer,,RDKit fingerprint feature 936 with 2048 bits and path length of 1-7
feat_0937,integer,,RDKit fingerprint feature 937 with 2048 bits and path length of 1-7
feat_0938,integer,,RDKit fingerprint feature 938 with 2048 bits and path length of 1-7
feat_0939,integer,,RDKit fingerprint feature 939 with 2048 bits and path length of 1-7
feat_0940,integer,,RDKit fingerprint feature 940 with 2048 bits and path length of 1-7
feat_0941,integer,,RDKit fingerprint feature 941 with 2048 bits and path length of 1-7
feat_0942,integer,,RDKit fingerprint feature 942 with 2048 bits and path length of 1-7
feat_0943,integer,,RDKit fingerprint feature 943 with 2048 bits and path length of 1-7
feat_0944,integer,,RDKit fingerprint feature 944 with 2048 bits and path length of 1-7
feat_0945,integer,,RDKit fingerprint feature 945 with 2048 bits and path length of 1-7
feat_0946,integer,,RDKit fingerprint feature 946 with 2048 bits and path length of 1-7
feat_0947,integer,,RDKit fingerprint feature 947 with 2048 bits and path length of 1-7
feat_0948,integer,,RDKit fingerprint feature 948 with 2048 bits and path length of 1-7
feat_0949,integer,,RDKit fingerprint feature 949 with 2048 bits and path length of 1-7
feat_0950,integer,,RDKit fingerprint feature 950 with 2048 bits and path length of 1-7
feat_0951,integer,,RDKit fingerprint feature 951 with 2048 bits and path length of 1-7
feat_0952,integer,,RDKit fingerprint feature 952 with 2048 bits and path length of 1-7
feat_0953,integer,,RDKit fingerprint feature 953 with 2048 bits and path length of 1-7
feat_0954,integer,,RDKit fingerprint feature 954 with 2048 bits and path length of 1-7
feat_0955,integer,,RDKit fingerprint feature 955 with 2048 bits and path length of 1-7
feat_0956,integer,,RDKit fingerprint feature 956 with 2048 bits and path length of 1-7
feat_0957,integer,,RDKit fingerprint feature 957 with 2048 bits and path length of 1-7
feat_0958,integer,,RDKit fingerprint feature 958 with 2048 bits and path length of 1-7
feat_0959,integer,,RDKit fingerprint feature 959 with 2048 bits and path length of 1-7
feat_0960,integer,,RDKit fingerprint feature 960 with 2048 bits and path length of 1-7
feat_0961,integer,,RDKit fingerprint feature 961 with 2048 bits and path length of 1-7
feat_0962,integer,,RDKit fingerprint feature 962 with 2048 bits and path length of 1-7
feat_0963,integer,,RDKit fingerprint feature 963 with 2048 bits and path length of 1-7
feat_0964,integer,,RDKit fingerprint feature 964 with 2048 bits and path length of 1-7
feat_0965,integer,,RDKit fingerprint feature 965 with 2048 bits and path length of 1-7
feat_0966,integer,,RDKit fingerprint feature 966 with 2048 bits and path length of 1-7
feat_0967,integer,,RDKit fingerprint feature 967 with 2048 bits and path length of 1-7
feat_0968,integer,,RDKit fingerprint feature 968 with 2048 bits and path length of 1-7
feat_0969,integer,,RDKit fingerprint feature 969 with 2048 bits and path length of 1-7
feat_0970,integer,,RDKit fingerprint feature 970 with 2048 bits and path length of 1-7
feat_0971,integer,,RDKit fingerprint feature 971 with 2048 bits and path length of 1-7
feat_0972,integer,,RDKit fingerprint feature 972 with 2048 bits and path length of 1-7
feat_0973,integer,,RDKit fingerprint feature 973 with 2048 bits and path length of 1-7
feat_0974,integer,,RDKit fingerprint feature 974 with 2048 bits and path length of 1-7
feat_0975,integer,,RDKit fingerprint feature 975 with 2048 bits and path length of 1-7
feat_0976,integer,,RDKit fingerprint feature 976 with 2048 bits and path length of 1-7
feat_0977,integer,,RDKit fingerprint feature 977 with 2048 bits and path length of 1-7
feat_0978,integer,,RDKit fingerprint feature 978 with 2048 bits and path length of 1-7
feat_0979,integer,,RDKit fingerprint feature 979 with 2048 bits and path length of 1-7
feat_0980,integer,,RDKit fingerprint feature 980 with 2048 bits and path length of 1-7
feat_0981,integer,,RDKit fingerprint feature 981 with 2048 bits and path length of 1-7
feat_0982,integer,,RDKit fingerprint feature 982 with 2048 bits and path length of 1-7
feat_0983,integer,,RDKit fingerprint feature 983 with 2048 bits and path length of 1-7
feat_0984,integer,,RDKit fingerprint feature 984 with 2048 bits and path length of 1-7
feat_0985,integer,,RDKit fingerprint feature 985 with 2048 bits and path length of 1-7
feat_0986,integer,,RDKit fingerprint feature 986 with 2048 bits and path length of 1-7
feat_0987,integer,,RDKit fingerprint feature 987 with 2048 bits and path length of 1-7
feat_0988,integer,,RDKit fingerprint feature 988 with 2048 bits and path length of 1-7
feat_0989,integer,,RDKit fingerprint feature 989 with 2048 bits and path length of 1-7
feat_0990,integer,,RDKit fingerprint feature 990 with 2048 bits and path length of 1-7
feat_0991,integer,,RDKit fingerprint feature 991 with 2048 bits and path length of 1-7
feat_0992,integer,,RDKit fingerprint feature 992 with 2048 bits and path length of 1-7
feat_0993,integer,,RDKit fingerprint feature 993 with 2048 bits and path length of 1-7
feat_0994,integer,,RDKit fingerprint feature 994 with 2048 bits and path length of 1-7
feat_0995,integer,,RDKit fingerprint feature 995 with 2048 bits and path length of 1-7
feat_0996,integer,,RDKit fingerprint feature 996 with 2048 bits and path length of 1-7
feat_0997,integer,,RDKit fingerprint feature 997 with 2048 bits and path length of 1-7
feat_0998,integer,,RDKit fingerprint feature 998 with 2048 bits and path length of 1-7
feat_0999,integer,,RDKit fingerprint feature 999 with 2048 bits and path length of 1-7
feat_1000,integer,,RDKit fingerprint feature 1000 with 2048 bits and path length of 1-7
feat_1001,integer,,RDKit fingerprint feature 1001 with 2048 bits and path length of 1-7
feat_1002,integer,,RDKit fingerprint feature 1002 with 2048 bits and path length of 1-7
feat_1003,integer,,RDKit fingerprint feature 1003 with 2048 bits and path length of 1-7
feat_1004,integer,,RDKit fingerprint feature 1004 with 2048 bits and path length of 1-7
feat_1005,integer,,RDKit fingerprint feature 1005 with 2048 bits and path length of 1-7
feat_1006,integer,,RDKit fingerprint feature 1006 with 2048 bits and path length of 1-7
feat_1007,integer,,RDKit fingerprint feature 1007 with 2048 bits and path length of 1-7
feat_1008,integer,,RDKit fingerprint feature 1008 with 2048 bits and path length of 1-7
feat_1009,integer,,RDKit fingerprint feature 1009 with 2048 bits and path length of 1-7
feat_1010,integer,,RDKit fingerprint feature 1010 with 2048 bits and path length of 1-7
feat_1011,integer,,RDKit fingerprint feature 1011 with 2048 bits and path length of 1-7
feat_1012,integer,,RDKit fingerprint feature 1012 with 2048 bits and path length of 1-7
feat_1013,integer,,RDKit fingerprint feature 1013 with 2048 bits and path length of 1-7
feat_1014,integer,,RDKit fingerprint feature 1014 with 2048 bits and path length of 1-7
feat_1015,integer,,RDKit fingerprint feature 1015 with 2048 bits and path length of 1-7
feat_1016,integer,,RDKit fingerprint feature 1016 with 2048 bits and path length of 1-7
feat_1017,integer,,RDKit fingerprint feature 1017 with 2048 bits and path length of 1-7
feat_1018,integer,,RDKit fingerprint feature 1018 with 2048 bits and path length of 1-7
feat_1019,integer,,RDKit fingerprint feature 1019 with 2048 bits and path length of 1-7
feat_1020,integer,,RDKit fingerprint feature 1020 with 2048 bits and path length of 1-7
feat_1021,integer,,RDKit fingerprint feature 1021 with 2048 bits and path length of 1-7
feat_1022,integer,,RDKit fingerprint feature 1022 with 2048 bits and path length of 1-7
feat_1023,integer,,RDKit fingerprint feature 1023 with 2048 bits and path length of 1-7
feat_1024,integer,,RDKit fingerprint feature 1024 with 2048 bits and path length of 1-7
feat_1025,integer,,RDKit fingerprint feature 1025 with 2048 bits and path length of 1-7
feat_1026,integer,,RDKit fingerprint feature 1026 with 2048 bits and path length of 1-7
feat_1027,integer,,RDKit fingerprint feature 1027 with 2048 bits and path length of 1-7
feat_1028,integer,,RDKit fingerprint feature 1028 with 2048 bits and path length of 1-7
feat_1029,integer,,RDKit fingerprint feature 1029 with 2048 bits and path length of 1-7
feat_1030,integer,,RDKit fingerprint feature 1030 with 2048 bits and path length of 1-7
feat_1031,integer,,RDKit fingerprint feature 1031 with 2048 bits and path length of 1-7
feat_1032,integer,,RDKit fingerprint feature 1032 with 2048 bits and path length of 1-7
feat_1033,integer,,RDKit fingerprint feature 1033 with 2048 bits and path length of 1-7
feat_1034,integer,,RDKit fingerprint feature 1034 with 2048 bits and path length of 1-7
feat_1035,integer,,RDKit fingerprint feature 1035 with 2048 bits and path length of 1-7
feat_1036,integer,,RDKit fingerprint feature 1036 with 2048 bits and path length of 1-7
feat_1037,integer,,RDKit fingerprint feature 1037 with 2048 bits and path length of 1-7
feat_1038,integer,,RDKit fingerprint feature 1038 with 2048 bits and path length of 1-7
feat_1039,integer,,RDKit fingerprint feature 1039 with 2048 bits and path length of 1-7
feat_1040,integer,,RDKit fingerprint feature 1040 with 2048 bits and path length of 1-7
feat_1041,integer,,RDKit fingerprint feature 1041 with 2048 bits and path length of 1-7
feat_1042,integer,,RDKit fingerprint feature 1042 with 2048 bits and path length of 1-7
feat_1043,integer,,RDKit fingerprint feature 1043 with 2048 bits and path length of 1-7
feat_1044,integer,,RDKit fingerprint feature 1044 with 2048 bits and path length of 1-7
feat_1045,integer,,RDKit fingerprint feature 1045 with 2048 bits and path length of 1-7
feat_1046,integer,,RDKit fingerprint feature 1046 with 2048 bits and path length of 1-7
feat_1047,integer,,RDKit fingerprint feature 1047 with 2048 bits and path length of 1-7
feat_1048,integer,,RDKit fingerprint feature 1048 with 2048 bits and path length of 1-7
feat_1049,integer,,RDKit fingerprint feature 1049 with 2048 bits and path length of 1-7
feat_1050,integer,,RDKit fingerprint feature 1050 with 2048 bits and path length of 1-7
feat_1051,integer,,RDKit fingerprint feature 1051 with 2048 bits and path length of 1-7
feat_1052,integer,,RDKit fingerprint feature 1052 with 2048 bits and path length of 1-7
feat_1053,integer,,RDKit fingerprint feature 1053 with 2048 bits and path length of 1-7
feat_1054,integer,,RDKit fingerprint feature 1054 with 2048 bits and path length of 1-7
feat_1055,integer,,RDKit fingerprint feature 1055 with 2048 bits and path length of 1-7
feat_1056,integer,,RDKit fingerprint feature 1056 with 2048 bits and path length of 1-7
feat_1057,integer,,RDKit fingerprint feature 1057 with 2048 bits and path length of 1-7
feat_1058,integer,,RDKit fingerprint feature 1058 with 2048 bits and path length of 1-7
feat_1059,integer,,RDKit fingerprint feature 1059 with 2048 bits and path length of 1-7
feat_1060,integer,,RDKit fingerprint feature 1060 with 2048 bits and path length of 1-7
feat_1061,integer,,RDKit fingerprint feature 1061 with 2048 bits and path length of 1-7
feat_1062,integer,,RDKit fingerprint feature 1062 with 2048 bits and path length of 1-7
feat_1063,integer,,RDKit fingerprint feature 1063 with 2048 bits and path length of 1-7
feat_1064,integer,,RDKit fingerprint feature 1064 with 2048 bits and path length of 1-7
feat_1065,integer,,RDKit fingerprint feature 1065 with 2048 bits and path length of 1-7
feat_1066,integer,,RDKit fingerprint feature 1066 with 2048 bits and path length of 1-7
feat_1067,integer,,RDKit fingerprint feature 1067 with 2048 bits and path length of 1-7
feat_1068,integer,,RDKit fingerprint feature 1068 with 2048 bits and path length of 1-7
feat_1069,integer,,RDKit fingerprint feature 1069 with 2048 bits and path length of 1-7
feat_1070,integer,,RDKit fingerprint feature 1070 with 2048 bits and path length of 1-7
feat_1071,integer,,RDKit fingerprint feature 1071 with 2048 bits and path length of 1-7
feat_1072,integer,,RDKit fingerprint feature 1072 with 2048 bits and path length of 1-7
feat_1073,integer,,RDKit fingerprint feature 1073 with 2048 bits and path length of 1-7
feat_1074,integer,,RDKit fingerprint feature 1074 with 2048 bits and path length of 1-7
feat_1075,integer,,RDKit fingerprint feature 1075 with 2048 bits and path length of 1-7
feat_1076,integer,,RDKit fingerprint feature 1076 with 2048 bits and path length of 1-7
feat_1077,integer,,RDKit fingerprint feature 1077 with 2048 bits and path length of 1-7
feat_1078,integer,,RDKit fingerprint feature 1078 with 2048 bits and path length of 1-7
feat_1079,integer,,RDKit fingerprint feature 1079 with 2048 bits and path length of 1-7
feat_1080,integer,,RDKit fingerprint feature 1080 with 2048 bits and path length of 1-7
feat_1081,integer,,RDKit fingerprint feature 1081 with 2048 bits and path length of 1-7
feat_1082,integer,,RDKit fingerprint feature 1082 with 2048 bits and path length of 1-7
feat_1083,integer,,RDKit fingerprint feature 1083 with 2048 bits and path length of 1-7
feat_1084,integer,,RDKit fingerprint feature 1084 with 2048 bits and path length of 1-7
feat_1085,integer,,RDKit fingerprint feature 1085 with 2048 bits and path length of 1-7
feat_1086,integer,,RDKit fingerprint feature 1086 with 2048 bits and path length of 1-7
feat_1087,integer,,RDKit fingerprint feature 1087 with 2048 bits and path length of 1-7
feat_1088,integer,,RDKit fingerprint feature 1088 with 2048 bits and path length of 1-7
feat_1089,integer,,RDKit fingerprint feature 1089 with 2048 bits and path length of 1-7
feat_1090,integer,,RDKit fingerprint feature 1090 with 2048 bits and path length of 1-7
feat_1091,integer,,RDKit fingerprint feature 1091 with 2048 bits and path length of 1-7
feat_1092,integer,,RDKit fingerprint feature 1092 with 2048 bits and path length of 1-7
feat_1093,integer,,RDKit fingerprint feature 1093 with 2048 bits and path length of 1-7
feat_1094,integer,,RDKit fingerprint feature 1094 with 2048 bits and path length of 1-7
feat_1095,integer,,RDKit fingerprint feature 1095 with 2048 bits and path length of 1-7
feat_1096,integer,,RDKit fingerprint feature 1096 with 2048 bits and path length of 1-7
feat_1097,integer,,RDKit fingerprint feature 1097 with 2048 bits and path length of 1-7
feat_1098,integer,,RDKit fingerprint feature 1098 with 2048 bits and path length of 1-7
feat_1099,integer,,RDKit fingerprint feature 1099 with 2048 bits and path length of 1-7
feat_1100,integer,,RDKit fingerprint feature 1100 with 2048 bits and path length of 1-7
feat_1101,integer,,RDKit fingerprint feature 1101 with 2048 bits and path length of 1-7
feat_1102,integer,,RDKit fingerprint feature 1102 with 2048 bits and path length of 1-7
feat_1103,integer,,RDKit fingerprint feature 1103 with 2048 bits and path length of 1-7
feat_1104,integer,,RDKit fingerprint feature 1104 with 2048 bits and path length of 1-7
feat_1105,integer,,RDKit fingerprint feature 1105 with 2048 bits and path length of 1-7
feat_1106,integer,,RDKit fingerprint feature 1106 with 2048 bits and path length of 1-7
feat_1107,integer,,RDKit fingerprint feature 1107 with 2048 bits and path length of 1-7
feat_1108,integer,,RDKit fingerprint feature 1108 with 2048 bits and path length of 1-7
feat_1109,integer,,RDKit fingerprint feature 1109 with 2048 bits and path length of 1-7
feat_1110,integer,,RDKit fingerprint feature 1110 with 2048 bits and path length of 1-7
feat_1111,integer,,RDKit fingerprint feature 1111 with 2048 bits and path length of 1-7
feat_1112,integer,,RDKit fingerprint feature 1112 with 2048 bits and path length of 1-7
feat_1113,integer,,RDKit fingerprint feature 1113 with 2048 bits and path length of 1-7
feat_1114,integer,,RDKit fingerprint feature 1114 with 2048 bits and path length of 1-7
feat_1115,integer,,RDKit fingerprint feature 1115 with 2048 bits and path length of 1-7
feat_1116,integer,,RDKit fingerprint feature 1116 with 2048 bits and path length of 1-7
feat_1117,integer,,RDKit fingerprint feature 1117 with 2048 bits and path length of 1-7
feat_1118,integer,,RDKit fingerprint feature 1118 with 2048 bits and path length of 1-7
feat_1119,integer,,RDKit fingerprint feature 1119 with 2048 bits and path length of 1-7
feat_1120,integer,,RDKit fingerprint feature 1120 with 2048 bits and path length of 1-7
feat_1121,integer,,RDKit fingerprint feature 1121 with 2048 bits and path length of 1-7
feat_1122,integer,,RDKit fingerprint feature 1122 with 2048 bits and path length of 1-7
feat_1123,integer,,RDKit fingerprint feature 1123 with 2048 bits and path length of 1-7
feat_1124,integer,,RDKit fingerprint feature 1124 with 2048 bits and path length of 1-7
feat_1125,integer,,RDKit fingerprint feature 1125 with 2048 bits and path length of 1-7
feat_1126,integer,,RDKit fingerprint feature 1126 with 2048 bits and path length of 1-7
feat_1127,integer,,RDKit fingerprint feature 1127 with 2048 bits and path length of 1-7
feat_1128,integer,,RDKit fingerprint feature 1128 with 2048 bits and path length of 1-7
feat_1129,integer,,RDKit fingerprint feature 1129 with 2048 bits and path length of 1-7
feat_1130,integer,,RDKit fingerprint feature 1130 with 2048 bits and path length of 1-7
feat_1131,integer,,RDKit fingerprint feature 1131 with 2048 bits and path length of 1-7
feat_1132,integer,,RDKit fingerprint feature 1132 with 2048 bits and path length of 1-7
feat_1133,integer,,RDKit fingerprint feature 1133 with 2048 bits and path length of 1-7
feat_1134,integer,,RDKit fingerprint feature 1134 with 2048 bits and path length of 1-7
feat_1135,integer,,RDKit fingerprint feature 1135 with 2048 bits and path length of 1-7
feat_1136,integer,,RDKit fingerprint feature 1136 with 2048 bits and path length of 1-7
feat_1137,integer,,RDKit fingerprint feature 1137 with 2048 bits and path length of 1-7
feat_1138,integer,,RDKit fingerprint feature 1138 with 2048 bits and path length of 1-7
feat_1139,integer,,RDKit fingerprint feature 1139 with 2048 bits and path length of 1-7
feat_1140,integer,,RDKit fingerprint feature 1140 with 2048 bits and path length of 1-7
feat_1141,integer,,RDKit fingerprint feature 1141 with 2048 bits and path length of 1-7
feat_1142,integer,,RDKit fingerprint feature 1142 with 2048 bits and path length of 1-7
feat_1143,integer,,RDKit fingerprint feature 1143 with 2048 bits and path length of 1-7
feat_1144,integer,,RDKit fingerprint feature 1144 with 2048 bits and path length of 1-7
feat_1145,integer,,RDKit fingerprint feature 1145 with 2048 bits and path length of 1-7
feat_1146,integer,,RDKit fingerprint feature 1146 with 2048 bits and path length of 1-7
feat_1147,integer,,RDKit fingerprint feature 1147 with 2048 bits and path length of 1-7
feat_1148,integer,,RDKit fingerprint feature 1148 with 2048 bits and path length of 1-7
feat_1149,integer,,RDKit fingerprint feature 1149 with 2048 bits and path length of 1-7
feat_1150,integer,,RDKit fingerprint feature 1150 with 2048 bits and path length of 1-7
feat_1151,integer,,RDKit fingerprint feature 1151 with 2048 bits and path length of 1-7
feat_1152,integer,,RDKit fingerprint feature 1152 with 2048 bits and path length of 1-7
feat_1153,integer,,RDKit fingerprint feature 1153 with 2048 bits and path length of 1-7
feat_1154,integer,,RDKit fingerprint feature 1154 with 2048 bits and path length of 1-7
feat_1155,integer,,RDKit fingerprint feature 1155 with 2048 bits and path length of 1-7
feat_1156,integer,,RDKit fingerprint feature 1156 with 2048 bits and path length of 1-7
feat_1157,integer,,RDKit fingerprint feature 1157 with 2048 bits and path length of 1-7
feat_1158,integer,,RDKit fingerprint feature 1158 with 2048 bits and path length of 1-7
feat_1159,integer,,RDKit fingerprint feature 1159 with 2048 bits and path length of 1-7
feat_1160,integer,,RDKit fingerprint feature 1160 with 2048 bits and path length of 1-7
feat_1161,integer,,RDKit fingerprint feature 1161 with 2048 bits and path length of 1-7
feat_1162,integer,,RDKit fingerprint feature 1162 with 2048 bits and path length of 1-7
feat_1163,integer,,RDKit fingerprint feature 1163 with 2048 bits and path length of 1-7
feat_1164,integer,,RDKit fingerprint feature 1164 with 2048 bits and path length of 1-7
feat_1165,integer,,RDKit fingerprint feature 1165 with 2048 bits and path length of 1-7
feat_1166,integer,,RDKit fingerprint feature 1166 with 2048 bits and path length of 1-7
feat_1167,integer,,RDKit fingerprint feature 1167 with 2048 bits and path length of 1-7
feat_1168,integer,,RDKit fingerprint feature 1168 with 2048 bits and path length of 1-7
feat_1169,integer,,RDKit fingerprint feature 1169 with 2048 bits and path length of 1-7
feat_1170,integer,,RDKit fingerprint feature 1170 with 2048 bits and path length of 1-7
feat_1171,integer,,RDKit fingerprint feature 1171 with 2048 bits and path length of 1-7
feat_1172,integer,,RDKit fingerprint feature 1172 with 2048 bits and path length of 1-7
feat_1173,integer,,RDKit fingerprint feature 1173 with 2048 bits and path length of 1-7
feat_1174,integer,,RDKit fingerprint feature 1174 with 2048 bits and path length of 1-7
feat_1175,integer,,RDKit fingerprint feature 1175 with 2048 bits and path length of 1-7
feat_1176,integer,,RDKit fingerprint feature 1176 with 2048 bits and path length of 1-7
feat_1177,integer,,RDKit fingerprint feature 1177 with 2048 bits and path length of 1-7
feat_1178,integer,,RDKit fingerprint feature 1178 with 2048 bits and path length of 1-7
feat_1179,integer,,RDKit fingerprint feature 1179 with 2048 bits and path length of 1-7
feat_1180,integer,,RDKit fingerprint feature 1180 with 2048 bits and path length of 1-7
feat_1181,integer,,RDKit fingerprint feature 1181 with 2048 bits and path length of 1-7
feat_1182,integer,,RDKit fingerprint feature 1182 with 2048 bits and path length of 1-7
feat_1183,integer,,RDKit fingerprint feature 1183 with 2048 bits and path length of 1-7
feat_1184,integer,,RDKit fingerprint feature 1184 with 2048 bits and path length of 1-7
feat_1185,integer,,RDKit fingerprint feature 1185 with 2048 bits and path length of 1-7
feat_1186,integer,,RDKit fingerprint feature 1186 with 2048 bits and path length of 1-7
feat_1187,integer,,RDKit fingerprint feature 1187 with 2048 bits and path length of 1-7
feat_1188,integer,,RDKit fingerprint feature 1188 with 2048 bits and path length of 1-7
feat_1189,integer,,RDKit fingerprint feature 1189 with 2048 bits and path length of 1-7
feat_1190,integer,,RDKit fingerprint feature 1190 with 2048 bits and path length of 1-7
feat_1191,integer,,RDKit fingerprint feature 1191 with 2048 bits and path length of 1-7
feat_1192,integer,,RDKit fingerprint feature 1192 with 2048 bits and path length of 1-7
feat_1193,integer,,RDKit fingerprint feature 1193 with 2048 bits and path length of 1-7
feat_1194,integer,,RDKit fingerprint feature 1194 with 2048 bits and path length of 1-7
feat_1195,integer,,RDKit fingerprint feature 1195 with 2048 bits and path length of 1-7
feat_1196,integer,,RDKit fingerprint feature 1196 with 2048 bits and path length of 1-7
feat_1197,integer,,RDKit fingerprint feature 1197 with 2048 bits and path length of 1-7
feat_1198,integer,,RDKit fingerprint feature 1198 with 2048 bits and path length of 1-7
feat_1199,integer,,RDKit fingerprint feature 1199 with 2048 bits and path length of 1-7
feat_1200,integer,,RDKit fingerprint feature 1200 with 2048 bits and path length of 1-7
feat_1201,integer,,RDKit fingerprint feature 1201 with 2048 bits and path length of 1-7
feat_1202,integer,,RDKit fingerprint feature 1202 with 2048 bits and path length of 1-7
feat_1203,integer,,RDKit fingerprint feature 1203 with 2048 bits and path length of 1-7
feat_1204,integer,,RDKit fingerprint feature 1204 with 2048 bits and path length of 1-7
feat_1205,integer,,RDKit fingerprint feature 1205 with 2048 bits and path length of 1-7
feat_1206,integer,,RDKit fingerprint feature 1206 with 2048 bits and path length of 1-7
feat_1207,integer,,RDKit fingerprint feature 1207 with 2048 bits and path length of 1-7
feat_1208,integer,,RDKit fingerprint feature 1208 with 2048 bits and path length of 1-7
feat_1209,integer,,RDKit fingerprint feature 1209 with 2048 bits and path length of 1-7
feat_1210,integer,,RDKit fingerprint feature 1210 with 2048 bits and path length of 1-7
feat_1211,integer,,RDKit fingerprint feature 1211 with 2048 bits and path length of 1-7
feat_1212,integer,,RDKit fingerprint feature 1212 with 2048 bits and path length of 1-7
feat_1213,integer,,RDKit fingerprint feature 1213 with 2048 bits and path length of 1-7
feat_1214,integer,,RDKit fingerprint feature 1214 with 2048 bits and path length of 1-7
feat_1215,integer,,RDKit fingerprint feature 1215 with 2048 bits and path length of 1-7
feat_1216,integer,,RDKit fingerprint feature 1216 with 2048 bits and path length of 1-7
feat_1217,integer,,RDKit fingerprint feature 1217 with 2048 bits and path length of 1-7
feat_1218,integer,,RDKit fingerprint feature 1218 with 2048 bits and path length of 1-7
feat_1219,integer,,RDKit fingerprint feature 1219 with 2048 bits and path length of 1-7
feat_1220,integer,,RDKit fingerprint feature 1220 with 2048 bits and path length of 1-7
feat_1221,integer,,RDKit fingerprint feature 1221 with 2048 bits and path length of 1-7
feat_1222,integer,,RDKit fingerprint feature 1222 with 2048 bits and path length of 1-7
feat_1223,integer,,RDKit fingerprint feature 1223 with 2048 bits and path length of 1-7
feat_1224,integer,,RDKit fingerprint feature 1224 with 2048 bits and path length of 1-7
feat_1225,integer,,RDKit fingerprint feature 1225 with 2048 bits and path length of 1-7
feat_1226,integer,,RDKit fingerprint feature 1226 with 2048 bits and path length of 1-7
feat_1227,integer,,RDKit fingerprint feature 1227 with 2048 bits and path length of 1-7
feat_1228,integer,,RDKit fingerprint feature 1228 with 2048 bits and path length of 1-7
feat_1229,integer,,RDKit fingerprint feature 1229 with 2048 bits and path length of 1-7
feat_1230,integer,,RDKit fingerprint feature 1230 with 2048 bits and path length of 1-7
feat_1231,integer,,RDKit fingerprint feature 1231 with 2048 bits and path length of 1-7
feat_1232,integer,,RDKit fingerprint feature 1232 with 2048 bits and path length of 1-7
feat_1233,integer,,RDKit fingerprint feature 1233 with 2048 bits and path length of 1-7
feat_1234,integer,,RDKit fingerprint feature 1234 with 2048 bits and path length of 1-7
feat_1235,integer,,RDKit fingerprint feature 1235 with 2048 bits and path length of 1-7
feat_1236,integer,,RDKit fingerprint feature 1236 with 2048 bits and path length of 1-7
feat_1237,integer,,RDKit fingerprint feature 1237 with 2048 bits and path length of 1-7
feat_1238,integer,,RDKit fingerprint feature 1238 with 2048 bits and path length of 1-7
feat_1239,integer,,RDKit fingerprint feature 1239 with 2048 bits and path length of 1-7
feat_1240,integer,,RDKit fingerprint feature 1240 with 2048 bits and path length of 1-7
feat_1241,integer,,RDKit fingerprint feature 1241 with 2048 bits and path length of 1-7
feat_1242,integer,,RDKit fingerprint feature 1242 with 2048 bits and path length of 1-7
feat_1243,integer,,RDKit fingerprint feature 1243 with 2048 bits and path length of 1-7
feat_1244,integer,,RDKit fingerprint feature 1244 with 2048 bits and path length of 1-7
feat_1245,integer,,RDKit fingerprint feature 1245 with 2048 bits and path length of 1-7
feat_1246,integer,,RDKit fingerprint feature 1246 with 2048 bits and path length of 1-7
feat_1247,integer,,RDKit fingerprint feature 1247 with 2048 bits and path length of 1-7
feat_1248,integer,,RDKit fingerprint feature 1248 with 2048 bits and path length of 1-7
feat_1249,integer,,RDKit fingerprint feature 1249 with 2048 bits and path length of 1-7
feat_1250,integer,,RDKit fingerprint feature 1250 with 2048 bits and path length of 1-7
feat_1251,integer,,RDKit fingerprint feature 1251 with 2048 bits and path length of 1-7
feat_1252,integer,,RDKit fingerprint feature 1252 with 2048 bits and path length of 1-7
feat_1253,integer,,RDKit fingerprint feature 1253 with 2048 bits and path length of 1-7
feat_1254,integer,,RDKit fingerprint feature 1254 with 2048 bits and path length of 1-7
feat_1255,integer,,RDKit fingerprint feature 1255 with 2048 bits and path length of 1-7
feat_1256,integer,,RDKit fingerprint feature 1256 with 2048 bits and path length of 1-7
feat_1257,integer,,RDKit fingerprint feature 1257 with 2048 bits and path length of 1-7
feat_1258,integer,,RDKit fingerprint feature 1258 with 2048 bits and path length of 1-7
feat_1259,integer,,RDKit fingerprint feature 1259 with 2048 bits and path length of 1-7
feat_1260,integer,,RDKit fingerprint feature 1260 with 2048 bits and path length of 1-7
feat_1261,integer,,RDKit fingerprint feature 1261 with 2048 bits and path length of 1-7
feat_1262,integer,,RDKit fingerprint feature 1262 with 2048 bits and path length of 1-7
feat_1263,integer,,RDKit fingerprint feature 1263 with 2048 bits and path length of 1-7
feat_1264,integer,,RDKit fingerprint feature 1264 with 2048 bits and path length of 1-7
feat_1265,integer,,RDKit fingerprint feature 1265 with 2048 bits and path length of 1-7
feat_1266,integer,,RDKit fingerprint feature 1266 with 2048 bits and path length of 1-7
feat_1267,integer,,RDKit fingerprint feature 1267 with 2048 bits and path length of 1-7
feat_1268,integer,,RDKit fingerprint feature 1268 with 2048 bits and path length of 1-7
feat_1269,integer,,RDKit fingerprint feature 1269 with 2048 bits and path length of 1-7
feat_1270,integer,,RDKit fingerprint feature 1270 with 2048 bits and path length of 1-7
feat_1271,integer,,RDKit fingerprint feature 1271 with 2048 bits and path length of 1-7
feat_1272,integer,,RDKit fingerprint feature 1272 with 2048 bits and path length of 1-7
feat_1273,integer,,RDKit fingerprint feature 1273 with 2048 bits and path length of 1-7
feat_1274,integer,,RDKit fingerprint feature 1274 with 2048 bits and path length of 1-7
feat_1275,integer,,RDKit fingerprint feature 1275 with 2048 bits and path length of 1-7
feat_1276,integer,,RDKit fingerprint feature 1276 with 2048 bits and path length of 1-7
feat_1277,integer,,RDKit fingerprint feature 1277 with 2048 bits and path length of 1-7
feat_1278,integer,,RDKit fingerprint feature 1278 with 2048 bits and path length of 1-7
feat_1279,integer,,RDKit fingerprint feature 1279 with 2048 bits and path length of 1-7
feat_1280,integer,,RDKit fingerprint feature 1280 with 2048 bits and path length of 1-7
feat_1281,integer,,RDKit fingerprint feature 1281 with 2048 bits and path length of 1-7
feat_1282,integer,,RDKit fingerprint feature 1282 with 2048 bits and path length of 1-7
feat_1283,integer,,RDKit fingerprint feature 1283 with 2048 bits and path length of 1-7
feat_1284,integer,,RDKit fingerprint feature 1284 with 2048 bits and path length of 1-7
feat_1285,integer,,RDKit fingerprint feature 1285 with 2048 bits and path length of 1-7
feat_1286,integer,,RDKit fingerprint feature 1286 with 2048 bits and path length of 1-7
feat_1287,integer,,RDKit fingerprint feature 1287 with 2048 bits and path length of 1-7
feat_1288,integer,,RDKit fingerprint feature 1288 with 2048 bits and path length of 1-7
feat_1289,integer,,RDKit fingerprint feature 1289 with 2048 bits and path length of 1-7
feat_1290,integer,,RDKit fingerprint feature 1290 with 2048 bits and path length of 1-7
feat_1291,integer,,RDKit fingerprint feature 1291 with 2048 bits and path length of 1-7
feat_1292,integer,,RDKit fingerprint feature 1292 with 2048 bits and path length of 1-7
feat_1293,integer,,RDKit fingerprint feature 1293 with 2048 bits and path length of 1-7
feat_1294,integer,,RDKit fingerprint feature 1294 with 2048 bits and path length of 1-7
feat_1295,integer,,RDKit fingerprint feature 1295 with 2048 bits and path length of 1-7
feat_1296,integer,,RDKit fingerprint feature 1296 with 2048 bits and path length of 1-7
feat_1297,integer,,RDKit fingerprint feature 1297 with 2048 bits and path length of 1-7
feat_1298,integer,,RDKit fingerprint feature 1298 with 2048 bits and path length of 1-7
feat_1299,integer,,RDKit fingerprint feature 1299 with 2048 bits and path length of 1-7
feat_1300,integer,,RDKit fingerprint feature 1300 with 2048 bits and path length of 1-7
feat_1301,integer,,RDKit fingerprint feature 1301 with 2048 bits and path length of 1-7
feat_1302,integer,,RDKit fingerprint feature 1302 with 2048 bits and path length of 1-7
feat_1303,integer,,RDKit fingerprint feature 1303 with 2048 bits and path length of 1-7
feat_1304,integer,,RDKit fingerprint feature 1304 with 2048 bits and path length of 1-7
feat_1305,integer,,RDKit fingerprint feature 1305 with 2048 bits and path length of 1-7
feat_1306,integer,,RDKit fingerprint feature 1306 with 2048 bits and path length of 1-7
feat_1307,integer,,RDKit fingerprint feature 1307 with 2048 bits and path length of 1-7
feat_1308,integer,,RDKit fingerprint feature 1308 with 2048 bits and path length of 1-7
feat_1309,integer,,RDKit fingerprint feature 1309 with 2048 bits and path length of 1-7
feat_1310,integer,,RDKit fingerprint feature 1310 with 2048 bits and path length of 1-7
feat_1311,integer,,RDKit fingerprint feature 1311 with 2048 bits and path length of 1-7
feat_1312,integer,,RDKit fingerprint feature 1312 with 2048 bits and path length of 1-7
feat_1313,integer,,RDKit fingerprint feature 1313 with 2048 bits and path length of 1-7
feat_1314,integer,,RDKit fingerprint feature 1314 with 2048 bits and path length of 1-7
feat_1315,integer,,RDKit fingerprint feature 1315 with 2048 bits and path length of 1-7
feat_1316,integer,,RDKit fingerprint feature 1316 with 2048 bits and path length of 1-7
feat_1317,integer,,RDKit fingerprint feature 1317 with 2048 bits and path length of 1-7
feat_1318,integer,,RDKit fingerprint feature 1318 with 2048 bits and path length of 1-7
feat_1319,integer,,RDKit fingerprint feature 1319 with 2048 bits and path length of 1-7
feat_1320,integer,,RDKit fingerprint feature 1320 with 2048 bits and path length of 1-7
feat_1321,integer,,RDKit fingerprint feature 1321 with 2048 bits and path length of 1-7
feat_1322,integer,,RDKit fingerprint feature 1322 with 2048 bits and path length of 1-7
feat_1323,integer,,RDKit fingerprint feature 1323 with 2048 bits and path length of 1-7
feat_1324,integer,,RDKit fingerprint feature 1324 with 2048 bits and path length of 1-7
feat_1325,integer,,RDKit fingerprint feature 1325 with 2048 bits and path length of 1-7
feat_1326,integer,,RDKit fingerprint feature 1326 with 2048 bits and path length of 1-7
feat_1327,integer,,RDKit fingerprint feature 1327 with 2048 bits and path length of 1-7
feat_1328,integer,,RDKit fingerprint feature 1328 with 2048 bits and path length of 1-7
feat_1329,integer,,RDKit fingerprint feature 1329 with 2048 bits and path length of 1-7
feat_1330,integer,,RDKit fingerprint feature 1330 with 2048 bits and path length of 1-7
feat_1331,integer,,RDKit fingerprint feature 1331 with 2048 bits and path length of 1-7
feat_1332,integer,,RDKit fingerprint feature 1332 with 2048 bits and path length of 1-7
feat_1333,integer,,RDKit fingerprint feature 1333 with 2048 bits and path length of 1-7
feat_1334,integer,,RDKit fingerprint feature 1334 with 2048 bits and path length of 1-7
feat_1335,integer,,RDKit fingerprint feature 1335 with 2048 bits and path length of 1-7
feat_1336,integer,,RDKit fingerprint feature 1336 with 2048 bits and path length of 1-7
feat_1337,integer,,RDKit fingerprint feature 1337 with 2048 bits and path length of 1-7
feat_1338,integer,,RDKit fingerprint feature 1338 with 2048 bits and path length of 1-7
feat_1339,integer,,RDKit fingerprint feature 1339 with 2048 bits and path length of 1-7
feat_1340,integer,,RDKit fingerprint feature 1340 with 2048 bits and path length of 1-7
feat_1341,integer,,RDKit fingerprint feature 1341 with 2048 bits and path length of 1-7
feat_1342,integer,,RDKit fingerprint feature 1342 with 2048 bits and path length of 1-7
feat_1343,integer,,RDKit fingerprint feature 1343 with 2048 bits and path length of 1-7
feat_1344,integer,,RDKit fingerprint feature 1344 with 2048 bits and path length of 1-7
feat_1345,integer,,RDKit fingerprint feature 1345 with 2048 bits and path length of 1-7
feat_1346,integer,,RDKit fingerprint feature 1346 with 2048 bits and path length of 1-7
feat_1347,integer,,RDKit fingerprint feature 1347 with 2048 bits and path length of 1-7
feat_1348,integer,,RDKit fingerprint feature 1348 with 2048 bits and path length of 1-7
feat_1349,integer,,RDKit fingerprint feature 1349 with 2048 bits and path length of 1-7
feat_1350,integer,,RDKit fingerprint feature 1350 with 2048 bits and path length of 1-7
feat_1351,integer,,RDKit fingerprint feature 1351 with 2048 bits and path length of 1-7
feat_1352,integer,,RDKit fingerprint feature 1352 with 2048 bits and path length of 1-7
feat_1353,integer,,RDKit fingerprint feature 1353 with 2048 bits and path length of 1-7
feat_1354,integer,,RDKit fingerprint feature 1354 with 2048 bits and path length of 1-7
feat_1355,integer,,RDKit fingerprint feature 1355 with 2048 bits and path length of 1-7
feat_1356,integer,,RDKit fingerprint feature 1356 with 2048 bits and path length of 1-7
feat_1357,integer,,RDKit fingerprint feature 1357 with 2048 bits and path length of 1-7
feat_1358,integer,,RDKit fingerprint feature 1358 with 2048 bits and path length of 1-7
feat_1359,integer,,RDKit fingerprint feature 1359 with 2048 bits and path length of 1-7
feat_1360,integer,,RDKit fingerprint feature 1360 with 2048 bits and path length of 1-7
feat_1361,integer,,RDKit fingerprint feature 1361 with 2048 bits and path length of 1-7
feat_1362,integer,,RDKit fingerprint feature 1362 with 2048 bits and path length of 1-7
feat_1363,integer,,RDKit fingerprint feature 1363 with 2048 bits and path length of 1-7
feat_1364,integer,,RDKit fingerprint feature 1364 with 2048 bits and path length of 1-7
feat_1365,integer,,RDKit fingerprint feature 1365 with 2048 bits and path length of 1-7
feat_1366,integer,,RDKit fingerprint feature 1366 with 2048 bits and path length of 1-7
feat_1367,integer,,RDKit fingerprint feature 1367 with 2048 bits and path length of 1-7
feat_1368,integer,,RDKit fingerprint feature 1368 with 2048 bits and path length of 1-7
feat_1369,integer,,RDKit fingerprint feature 1369 with 2048 bits and path length of 1-7
feat_1370,integer,,RDKit fingerprint feature 1370 with 2048 bits and path length of 1-7
feat_1371,integer,,RDKit fingerprint feature 1371 with 2048 bits and path length of 1-7
feat_1372,integer,,RDKit fingerprint feature 1372 with 2048 bits and path length of 1-7
feat_1373,integer,,RDKit fingerprint feature 1373 with 2048 bits and path length of 1-7
feat_1374,integer,,RDKit fingerprint feature 1374 with 2048 bits and path length of 1-7
feat_1375,integer,,RDKit fingerprint feature 1375 with 2048 bits and path length of 1-7
feat_1376,integer,,RDKit fingerprint feature 1376 with 2048 bits and path length of 1-7
feat_1377,integer,,RDKit fingerprint feature 1377 with 2048 bits and path length of 1-7
feat_1378,integer,,RDKit fingerprint feature 1378 with 2048 bits and path length of 1-7
feat_1379,integer,,RDKit fingerprint feature 1379 with 2048 bits and path length of 1-7
feat_1380,integer,,RDKit fingerprint feature 1380 with 2048 bits and path length of 1-7
feat_1381,integer,,RDKit fingerprint feature 1381 with 2048 bits and path length of 1-7
feat_1382,integer,,RDKit fingerprint feature 1382 with 2048 bits and path length of 1-7
feat_1383,integer,,RDKit fingerprint feature 1383 with 2048 bits and path length of 1-7
feat_1384,integer,,RDKit fingerprint feature 1384 with 2048 bits and path length of 1-7
feat_1385,integer,,RDKit fingerprint feature 1385 with 2048 bits and path length of 1-7
feat_1386,integer,,RDKit fingerprint feature 1386 with 2048 bits and path length of 1-7
feat_1387,integer,,RDKit fingerprint feature 1387 with 2048 bits and path length of 1-7
feat_1388,integer,,RDKit fingerprint feature 1388 with 2048 bits and path length of 1-7
feat_1389,integer,,RDKit fingerprint feature 1389 with 2048 bits and path length of 1-7
feat_1390,integer,,RDKit fingerprint feature 1390 with 2048 bits and path length of 1-7
feat_1391,integer,,RDKit fingerprint feature 1391 with 2048 bits and path length of 1-7
feat_1392,integer,,RDKit fingerprint feature 1392 with 2048 bits and path length of 1-7
feat_1393,integer,,RDKit fingerprint feature 1393 with 2048 bits and path length of 1-7
feat_1394,integer,,RDKit fingerprint feature 1394 with 2048 bits and path length of 1-7
feat_1395,integer,,RDKit fingerprint feature 1395 with 2048 bits and path length of 1-7
feat_1396,integer,,RDKit fingerprint feature 1396 with 2048 bits and path length of 1-7
feat_1397,integer,,RDKit fingerprint feature 1397 with 2048 bits and path length of 1-7
feat_1398,integer,,RDKit fingerprint feature 1398 with 2048 bits and path length of 1-7
feat_1399,integer,,RDKit fingerprint feature 1399 with 2048 bits and path length of 1-7
feat_1400,integer,,RDKit fingerprint feature 1400 with 2048 bits and path length of 1-7
feat_1401,integer,,RDKit fingerprint feature 1401 with 2048 bits and path length of 1-7
feat_1402,integer,,RDKit fingerprint feature 1402 with 2048 bits and path length of 1-7
feat_1403,integer,,RDKit fingerprint feature 1403 with 2048 bits and path length of 1-7
feat_1404,integer,,RDKit fingerprint feature 1404 with 2048 bits and path length of 1-7
feat_1405,integer,,RDKit fingerprint feature 1405 with 2048 bits and path length of 1-7
feat_1406,integer,,RDKit fingerprint feature 1406 with 2048 bits and path length of 1-7
feat_1407,integer,,RDKit fingerprint feature 1407 with 2048 bits and path length of 1-7
feat_1408,integer,,RDKit fingerprint feature 1408 with 2048 bits and path length of 1-7
feat_1409,integer,,RDKit fingerprint feature 1409 with 2048 bits and path length of 1-7
feat_1410,integer,,RDKit fingerprint feature 1410 with 2048 bits and path length of 1-7
feat_1411,integer,,RDKit fingerprint feature 1411 with 2048 bits and path length of 1-7
feat_1412,integer,,RDKit fingerprint feature 1412 with 2048 bits and path length of 1-7
feat_1413,integer,,RDKit fingerprint feature 1413 with 2048 bits and path length of 1-7
feat_1414,integer,,RDKit fingerprint feature 1414 with 2048 bits and path length of 1-7
feat_1415,integer,,RDKit fingerprint feature 1415 with 2048 bits and path length of 1-7
feat_1416,integer,,RDKit fingerprint feature 1416 with 2048 bits and path length of 1-7
feat_1417,integer,,RDKit fingerprint feature 1417 with 2048 bits and path length of 1-7
feat_1418,integer,,RDKit fingerprint feature 1418 with 2048 bits and path length of 1-7
feat_1419,integer,,RDKit fingerprint feature 1419 with 2048 bits and path length of 1-7
feat_1420,integer,,RDKit fingerprint feature 1420 with 2048 bits and path length of 1-7
feat_1421,integer,,RDKit fingerprint feature 1421 with 2048 bits and path length of 1-7
feat_1422,integer,,RDKit fingerprint feature 1422 with 2048 bits and path length of 1-7
feat_1423,integer,,RDKit fingerprint feature 1423 with 2048 bits and path length of 1-7
feat_1424,integer,,RDKit fingerprint feature 1424 with 2048 bits and path length of 1-7
feat_1425,integer,,RDKit fingerprint feature 1425 with 2048 bits and path length of 1-7
feat_1426,integer,,RDKit fingerprint feature 1426 with 2048 bits and path length of 1-7
feat_1427,integer,,RDKit fingerprint feature 1427 with 2048 bits and path length of 1-7
feat_1428,integer,,RDKit fingerprint feature 1428 with 2048 bits and path length of 1-7
feat_1429,integer,,RDKit fingerprint feature 1429 with 2048 bits and path length of 1-7
feat_1430,integer,,RDKit fingerprint feature 1430 with 2048 bits and path length of 1-7
feat_1431,integer,,RDKit fingerprint feature 1431 with 2048 bits and path length of 1-7
feat_1432,integer,,RDKit fingerprint feature 1432 with 2048 bits and path length of 1-7
feat_1433,integer,,RDKit fingerprint feature 1433 with 2048 bits and path length of 1-7
feat_1434,integer,,RDKit fingerprint feature 1434 with 2048 bits and path length of 1-7
feat_1435,integer,,RDKit fingerprint feature 1435 with 2048 bits and path length of 1-7
feat_1436,integer,,RDKit fingerprint feature 1436 with 2048 bits and path length of 1-7
feat_1437,integer,,RDKit fingerprint feature 1437 with 2048 bits and path length of 1-7
feat_1438,integer,,RDKit fingerprint feature 1438 with 2048 bits and path length of 1-7
feat_1439,integer,,RDKit fingerprint feature 1439 with 2048 bits and path length of 1-7
feat_1440,integer,,RDKit fingerprint feature 1440 with 2048 bits and path length of 1-7
feat_1441,integer,,RDKit fingerprint feature 1441 with 2048 bits and path length of 1-7
feat_1442,integer,,RDKit fingerprint feature 1442 with 2048 bits and path length of 1-7
feat_1443,integer,,RDKit fingerprint feature 1443 with 2048 bits and path length of 1-7
feat_1444,integer,,RDKit fingerprint feature 1444 with 2048 bits and path length of 1-7
feat_1445,integer,,RDKit fingerprint feature 1445 with 2048 bits and path length of 1-7
feat_1446,integer,,RDKit fingerprint feature 1446 with 2048 bits and path length of 1-7
feat_1447,integer,,RDKit fingerprint feature 1447 with 2048 bits and path length of 1-7
feat_1448,integer,,RDKit fingerprint feature 1448 with 2048 bits and path length of 1-7
feat_1449,integer,,RDKit fingerprint feature 1449 with 2048 bits and path length of 1-7
feat_1450,integer,,RDKit fingerprint feature 1450 with 2048 bits and path length of 1-7
feat_1451,integer,,RDKit fingerprint feature 1451 with 2048 bits and path length of 1-7
feat_1452,integer,,RDKit fingerprint feature 1452 with 2048 bits and path length of 1-7
feat_1453,integer,,RDKit fingerprint feature 1453 with 2048 bits and path length of 1-7
feat_1454,integer,,RDKit fingerprint feature 1454 with 2048 bits and path length of 1-7
feat_1455,integer,,RDKit fingerprint feature 1455 with 2048 bits and path length of 1-7
feat_1456,integer,,RDKit fingerprint feature 1456 with 2048 bits and path length of 1-7
feat_1457,integer,,RDKit fingerprint feature 1457 with 2048 bits and path length of 1-7
feat_1458,integer,,RDKit fingerprint feature 1458 with 2048 bits and path length of 1-7
feat_1459,integer,,RDKit fingerprint feature 1459 with 2048 bits and path length of 1-7
feat_1460,integer,,RDKit fingerprint feature 1460 with 2048 bits and path length of 1-7
feat_1461,integer,,RDKit fingerprint feature 1461 with 2048 bits and path length of 1-7
feat_1462,integer,,RDKit fingerprint feature 1462 with 2048 bits and path length of 1-7
feat_1463,integer,,RDKit fingerprint feature 1463 with 2048 bits and path length of 1-7
feat_1464,integer,,RDKit fingerprint feature 1464 with 2048 bits and path length of 1-7
feat_1465,integer,,RDKit fingerprint feature 1465 with 2048 bits and path length of 1-7
feat_1466,integer,,RDKit fingerprint feature 1466 with 2048 bits and path length of 1-7
feat_1467,integer,,RDKit fingerprint feature 1467 with 2048 bits and path length of 1-7
feat_1468,integer,,RDKit fingerprint feature 1468 with 2048 bits and path length of 1-7
feat_1469,integer,,RDKit fingerprint feature 1469 with 2048 bits and path length of 1-7
feat_1470,integer,,RDKit fingerprint feature 1470 with 2048 bits and path length of 1-7
feat_1471,integer,,RDKit fingerprint feature 1471 with 2048 bits and path length of 1-7
feat_1472,integer,,RDKit fingerprint feature 1472 with 2048 bits and path length of 1-7
feat_1473,integer,,RDKit fingerprint feature 1473 with 2048 bits and path length of 1-7
feat_1474,integer,,RDKit fingerprint feature 1474 with 2048 bits and path length of 1-7
feat_1475,integer,,RDKit fingerprint feature 1475 with 2048 bits and path length of 1-7
feat_1476,integer,,RDKit fingerprint feature 1476 with 2048 bits and path length of 1-7
feat_1477,integer,,RDKit fingerprint feature 1477 with 2048 bits and path length of 1-7
feat_1478,integer,,RDKit fingerprint feature 1478 with 2048 bits and path length of 1-7
feat_1479,integer,,RDKit fingerprint feature 1479 with 2048 bits and path length of 1-7
feat_1480,integer,,RDKit fingerprint feature 1480 with 2048 bits and path length of 1-7
feat_1481,integer,,RDKit fingerprint feature 1481 with 2048 bits and path length of 1-7
feat_1482,integer,,RDKit fingerprint feature 1482 with 2048 bits and path length of 1-7
feat_1483,integer,,RDKit fingerprint feature 1483 with 2048 bits and path length of 1-7
feat_1484,integer,,RDKit fingerprint feature 1484 with 2048 bits and path length of 1-7
feat_1485,integer,,RDKit fingerprint feature 1485 with 2048 bits and path length of 1-7
feat_1486,integer,,RDKit fingerprint feature 1486 with 2048 bits and path length of 1-7
feat_1487,integer,,RDKit fingerprint feature 1487 with 2048 bits and path length of 1-7
feat_1488,integer,,RDKit fingerprint feature 1488 with 2048 bits and path length of 1-7
feat_1489,integer,,RDKit fingerprint feature 1489 with 2048 bits and path length of 1-7
feat_1490,integer,,RDKit fingerprint feature 1490 with 2048 bits and path length of 1-7
feat_1491,integer,,RDKit fingerprint feature 1491 with 2048 bits and path length of 1-7
feat_1492,integer,,RDKit fingerprint feature 1492 with 2048 bits and path length of 1-7
feat_1493,integer,,RDKit fingerprint feature 1493 with 2048 bits and path length of 1-7
feat_1494,integer,,RDKit fingerprint feature 1494 with 2048 bits and path length of 1-7
feat_1495,integer,,RDKit fingerprint feature 1495 with 2048 bits and path length of 1-7
feat_1496,integer,,RDKit fingerprint feature 1496 with 2048 bits and path length of 1-7
feat_1497,integer,,RDKit fingerprint feature 1497 with 2048 bits and path length of 1-7
feat_1498,integer,,RDKit fingerprint feature 1498 with 2048 bits and path length of 1-7
feat_1499,integer,,RDKit fingerprint feature 1499 with 2048 bits and path length of 1-7
feat_1500,integer,,RDKit fingerprint feature 1500 with 2048 bits and path length of 1-7
feat_1501,integer,,RDKit fingerprint feature 1501 with 2048 bits and path length of 1-7
feat_1502,integer,,RDKit fingerprint feature 1502 with 2048 bits and path length of 1-7
feat_1503,integer,,RDKit fingerprint feature 1503 with 2048 bits and path length of 1-7
feat_1504,integer,,RDKit fingerprint feature 1504 with 2048 bits and path length of 1-7
feat_1505,integer,,RDKit fingerprint feature 1505 with 2048 bits and path length of 1-7
feat_1506,integer,,RDKit fingerprint feature 1506 with 2048 bits and path length of 1-7
feat_1507,integer,,RDKit fingerprint feature 1507 with 2048 bits and path length of 1-7
feat_1508,integer,,RDKit fingerprint feature 1508 with 2048 bits and path length of 1-7
feat_1509,integer,,RDKit fingerprint feature 1509 with 2048 bits and path length of 1-7
feat_1510,integer,,RDKit fingerprint feature 1510 with 2048 bits and path length of 1-7
feat_1511,integer,,RDKit fingerprint feature 1511 with 2048 bits and path length of 1-7
feat_1512,integer,,RDKit fingerprint feature 1512 with 2048 bits and path length of 1-7
feat_1513,integer,,RDKit fingerprint feature 1513 with 2048 bits and path length of 1-7
feat_1514,integer,,RDKit fingerprint feature 1514 with 2048 bits and path length of 1-7
feat_1515,integer,,RDKit fingerprint feature 1515 with 2048 bits and path length of 1-7
feat_1516,integer,,RDKit fingerprint feature 1516 with 2048 bits and path length of 1-7
feat_1517,integer,,RDKit fingerprint feature 1517 with 2048 bits and path length of 1-7
feat_1518,integer,,RDKit fingerprint feature 1518 with 2048 bits and path length of 1-7
feat_1519,integer,,RDKit fingerprint feature 1519 with 2048 bits and path length of 1-7
feat_1520,integer,,RDKit fingerprint feature 1520 with 2048 bits and path length of 1-7
feat_1521,integer,,RDKit fingerprint feature 1521 with 2048 bits and path length of 1-7
feat_1522,integer,,RDKit fingerprint feature 1522 with 2048 bits and path length of 1-7
feat_1523,integer,,RDKit fingerprint feature 1523 with 2048 bits and path length of 1-7
feat_1524,integer,,RDKit fingerprint feature 1524 with 2048 bits and path length of 1-7
feat_1525,integer,,RDKit fingerprint feature 1525 with 2048 bits and path length of 1-7
feat_1526,integer,,RDKit fingerprint feature 1526 with 2048 bits and path length of 1-7
feat_1527,integer,,RDKit fingerprint feature 1527 with 2048 bits and path length of 1-7
feat_1528,integer,,RDKit fingerprint feature 1528 with 2048 bits and path length of 1-7
feat_1529,integer,,RDKit fingerprint feature 1529 with 2048 bits and path length of 1-7
feat_1530,integer,,RDKit fingerprint feature 1530 with 2048 bits and path length of 1-7
feat_1531,integer,,RDKit fingerprint feature 1531 with 2048 bits and path length of 1-7
feat_1532,integer,,RDKit fingerprint feature 1532 with 2048 bits and path length of 1-7
feat_1533,integer,,RDKit fingerprint feature 1533 with 2048 bits and path length of 1-7
feat_1534,integer,,RDKit fingerprint feature 1534 with 2048 bits and path length of 1-7
feat_1535,integer,,RDKit fingerprint feature 1535 with 2048 bits and path length of 1-7
feat_1536,integer,,RDKit fingerprint feature 1536 with 2048 bits and path length of 1-7
feat_1537,integer,,RDKit fingerprint feature 1537 with 2048 bits and path length of 1-7
feat_1538,integer,,RDKit fingerprint feature 1538 with 2048 bits and path length of 1-7
feat_1539,integer,,RDKit fingerprint feature 1539 with 2048 bits and path length of 1-7
feat_1540,integer,,RDKit fingerprint feature 1540 with 2048 bits and path length of 1-7
feat_1541,integer,,RDKit fingerprint feature 1541 with 2048 bits and path length of 1-7
feat_1542,integer,,RDKit fingerprint feature 1542 with 2048 bits and path length of 1-7
feat_1543,integer,,RDKit fingerprint feature 1543 with 2048 bits and path length of 1-7
feat_1544,integer,,RDKit fingerprint feature 1544 with 2048 bits and path length of 1-7
feat_1545,integer,,RDKit fingerprint feature 1545 with 2048 bits and path length of 1-7
feat_1546,integer,,RDKit fingerprint feature 1546 with 2048 bits and path length of 1-7
feat_1547,integer,,RDKit fingerprint feature 1547 with 2048 bits and path length of 1-7
feat_1548,integer,,RDKit fingerprint feature 1548 with 2048 bits and path length of 1-7
feat_1549,integer,,RDKit fingerprint feature 1549 with 2048 bits and path length of 1-7
feat_1550,integer,,RDKit fingerprint feature 1550 with 2048 bits and path length of 1-7
feat_1551,integer,,RDKit fingerprint feature 1551 with 2048 bits and path length of 1-7
feat_1552,integer,,RDKit fingerprint feature 1552 with 2048 bits and path length of 1-7
feat_1553,integer,,RDKit fingerprint feature 1553 with 2048 bits and path length of 1-7
feat_1554,integer,,RDKit fingerprint feature 1554 with 2048 bits and path length of 1-7
feat_1555,integer,,RDKit fingerprint feature 1555 with 2048 bits and path length of 1-7
feat_1556,integer,,RDKit fingerprint feature 1556 with 2048 bits and path length of 1-7
feat_1557,integer,,RDKit fingerprint feature 1557 with 2048 bits and path length of 1-7
feat_1558,integer,,RDKit fingerprint feature 1558 with 2048 bits and path length of 1-7
feat_1559,integer,,RDKit fingerprint feature 1559 with 2048 bits and path length of 1-7
feat_1560,integer,,RDKit fingerprint feature 1560 with 2048 bits and path length of 1-7
feat_1561,integer,,RDKit fingerprint feature 1561 with 2048 bits and path length of 1-7
feat_1562,integer,,RDKit fingerprint feature 1562 with 2048 bits and path length of 1-7
feat_1563,integer,,RDKit fingerprint feature 1563 with 2048 bits and path length of 1-7
feat_1564,integer,,RDKit fingerprint feature 1564 with 2048 bits and path length of 1-7
feat_1565,integer,,RDKit fingerprint feature 1565 with 2048 bits and path length of 1-7
feat_1566,integer,,RDKit fingerprint feature 1566 with 2048 bits and path length of 1-7
feat_1567,integer,,RDKit fingerprint feature 1567 with 2048 bits and path length of 1-7
feat_1568,integer,,RDKit fingerprint feature 1568 with 2048 bits and path length of 1-7
feat_1569,integer,,RDKit fingerprint feature 1569 with 2048 bits and path length of 1-7
feat_1570,integer,,RDKit fingerprint feature 1570 with 2048 bits and path length of 1-7
feat_1571,integer,,RDKit fingerprint feature 1571 with 2048 bits and path length of 1-7
feat_1572,integer,,RDKit fingerprint feature 1572 with 2048 bits and path length of 1-7
feat_1573,integer,,RDKit fingerprint feature 1573 with 2048 bits and path length of 1-7
feat_1574,integer,,RDKit fingerprint feature 1574 with 2048 bits and path length of 1-7
feat_1575,integer,,RDKit fingerprint feature 1575 with 2048 bits and path length of 1-7
feat_1576,integer,,RDKit fingerprint feature 1576 with 2048 bits and path length of 1-7
feat_1577,integer,,RDKit fingerprint feature 1577 with 2048 bits and path length of 1-7
feat_1578,integer,,RDKit fingerprint feature 1578 with 2048 bits and path length of 1-7
feat_1579,integer,,RDKit fingerprint feature 1579 with 2048 bits and path length of 1-7
feat_1580,integer,,RDKit fingerprint feature 1580 with 2048 bits and path length of 1-7
feat_1581,integer,,RDKit fingerprint feature 1581 with 2048 bits and path length of 1-7
feat_1582,integer,,RDKit fingerprint feature 1582 with 2048 bits and path length of 1-7
feat_1583,integer,,RDKit fingerprint feature 1583 with 2048 bits and path length of 1-7
feat_1584,integer,,RDKit fingerprint feature 1584 with 2048 bits and path length of 1-7
feat_1585,integer,,RDKit fingerprint feature 1585 with 2048 bits and path length of 1-7
feat_1586,integer,,RDKit fingerprint feature 1586 with 2048 bits and path length of 1-7
feat_1587,integer,,RDKit fingerprint feature 1587 with 2048 bits and path length of 1-7
feat_1588,integer,,RDKit fingerprint feature 1588 with 2048 bits and path length of 1-7
feat_1589,integer,,RDKit fingerprint feature 1589 with 2048 bits and path length of 1-7
feat_1590,integer,,RDKit fingerprint feature 1590 with 2048 bits and path length of 1-7
feat_1591,integer,,RDKit fingerprint feature 1591 with 2048 bits and path length of 1-7
feat_1592,integer,,RDKit fingerprint feature 1592 with 2048 bits and path length of 1-7
feat_1593,integer,,RDKit fingerprint feature 1593 with 2048 bits and path length of 1-7
feat_1594,integer,,RDKit fingerprint feature 1594 with 2048 bits and path length of 1-7
feat_1595,integer,,RDKit fingerprint feature 1595 with 2048 bits and path length of 1-7
feat_1596,integer,,RDKit fingerprint feature 1596 with 2048 bits and path length of 1-7
feat_1597,integer,,RDKit fingerprint feature 1597 with 2048 bits and path length of 1-7
feat_1598,integer,,RDKit fingerprint feature 1598 with 2048 bits and path length of 1-7
feat_1599,integer,,RDKit fingerprint feature 1599 with 2048 bits and path length of 1-7
feat_1600,integer,,RDKit fingerprint feature 1600 with 2048 bits and path length of 1-7
feat_1601,integer,,RDKit fingerprint feature 1601 with 2048 bits and path length of 1-7
feat_1602,integer,,RDKit fingerprint feature 1602 with 2048 bits and path length of 1-7
feat_1603,integer,,RDKit fingerprint feature 1603 with 2048 bits and path length of 1-7
feat_1604,integer,,RDKit fingerprint feature 1604 with 2048 bits and path length of 1-7
feat_1605,integer,,RDKit fingerprint feature 1605 with 2048 bits and path length of 1-7
feat_1606,integer,,RDKit fingerprint feature 1606 with 2048 bits and path length of 1-7
feat_1607,integer,,RDKit fingerprint feature 1607 with 2048 bits and path length of 1-7
feat_1608,integer,,RDKit fingerprint feature 1608 with 2048 bits and path length of 1-7
feat_1609,integer,,RDKit fingerprint feature 1609 with 2048 bits and path length of 1-7
feat_1610,integer,,RDKit fingerprint feature 1610 with 2048 bits and path length of 1-7
feat_1611,integer,,RDKit fingerprint feature 1611 with 2048 bits and path length of 1-7
feat_1612,integer,,RDKit fingerprint feature 1612 with 2048 bits and path length of 1-7
feat_1613,integer,,RDKit fingerprint feature 1613 with 2048 bits and path length of 1-7
feat_1614,integer,,RDKit fingerprint feature 1614 with 2048 bits and path length of 1-7
feat_1615,integer,,RDKit fingerprint feature 1615 with 2048 bits and path length of 1-7
feat_1616,integer,,RDKit fingerprint feature 1616 with 2048 bits and path length of 1-7
feat_1617,integer,,RDKit fingerprint feature 1617 with 2048 bits and path length of 1-7
feat_1618,integer,,RDKit fingerprint feature 1618 with 2048 bits and path length of 1-7
feat_1619,integer,,RDKit fingerprint feature 1619 with 2048 bits and path length of 1-7
feat_1620,integer,,RDKit fingerprint feature 1620 with 2048 bits and path length of 1-7
feat_1621,integer,,RDKit fingerprint feature 1621 with 2048 bits and path length of 1-7
feat_1622,integer,,RDKit fingerprint feature 1622 with 2048 bits and path length of 1-7
feat_1623,integer,,RDKit fingerprint feature 1623 with 2048 bits and path length of 1-7
feat_1624,integer,,RDKit fingerprint feature 1624 with 2048 bits and path length of 1-7
feat_1625,integer,,RDKit fingerprint feature 1625 with 2048 bits and path length of 1-7
feat_1626,integer,,RDKit fingerprint feature 1626 with 2048 bits and path length of 1-7
feat_1627,integer,,RDKit fingerprint feature 1627 with 2048 bits and path length of 1-7
feat_1628,integer,,RDKit fingerprint feature 1628 with 2048 bits and path length of 1-7
feat_1629,integer,,RDKit fingerprint feature 1629 with 2048 bits and path length of 1-7
feat_1630,integer,,RDKit fingerprint feature 1630 with 2048 bits and path length of 1-7
feat_1631,integer,,RDKit fingerprint feature 1631 with 2048 bits and path length of 1-7
feat_1632,integer,,RDKit fingerprint feature 1632 with 2048 bits and path length of 1-7
feat_1633,integer,,RDKit fingerprint feature 1633 with 2048 bits and path length of 1-7
feat_1634,integer,,RDKit fingerprint feature 1634 with 2048 bits and path length of 1-7
feat_1635,integer,,RDKit fingerprint feature 1635 with 2048 bits and path length of 1-7
feat_1636,integer,,RDKit fingerprint feature 1636 with 2048 bits and path length of 1-7
feat_1637,integer,,RDKit fingerprint feature 1637 with 2048 bits and path length of 1-7
feat_1638,integer,,RDKit fingerprint feature 1638 with 2048 bits and path length of 1-7
feat_1639,integer,,RDKit fingerprint feature 1639 with 2048 bits and path length of 1-7
feat_1640,integer,,RDKit fingerprint feature 1640 with 2048 bits and path length of 1-7
feat_1641,integer,,RDKit fingerprint feature 1641 with 2048 bits and path length of 1-7
feat_1642,integer,,RDKit fingerprint feature 1642 with 2048 bits and path length of 1-7
feat_1643,integer,,RDKit fingerprint feature 1643 with 2048 bits and path length of 1-7
feat_1644,integer,,RDKit fingerprint feature 1644 with 2048 bits and path length of 1-7
feat_1645,integer,,RDKit fingerprint feature 1645 with 2048 bits and path length of 1-7
feat_1646,integer,,RDKit fingerprint feature 1646 with 2048 bits and path length of 1-7
feat_1647,integer,,RDKit fingerprint feature 1647 with 2048 bits and path length of 1-7
feat_1648,integer,,RDKit fingerprint feature 1648 with 2048 bits and path length of 1-7
feat_1649,integer,,RDKit fingerprint feature 1649 with 2048 bits and path length of 1-7
feat_1650,integer,,RDKit fingerprint feature 1650 with 2048 bits and path length of 1-7
feat_1651,integer,,RDKit fingerprint feature 1651 with 2048 bits and path length of 1-7
feat_1652,integer,,RDKit fingerprint feature 1652 with 2048 bits and path length of 1-7
feat_1653,integer,,RDKit fingerprint feature 1653 with 2048 bits and path length of 1-7
feat_1654,integer,,RDKit fingerprint feature 1654 with 2048 bits and path length of 1-7
feat_1655,integer,,RDKit fingerprint feature 1655 with 2048 bits and path length of 1-7
feat_1656,integer,,RDKit fingerprint feature 1656 with 2048 bits and path length of 1-7
feat_1657,integer,,RDKit fingerprint feature 1657 with 2048 bits and path length of 1-7
feat_1658,integer,,RDKit fingerprint feature 1658 with 2048 bits and path length of 1-7
feat_1659,integer,,RDKit fingerprint feature 1659 with 2048 bits and path length of 1-7
feat_1660,integer,,RDKit fingerprint feature 1660 with 2048 bits and path length of 1-7
feat_1661,integer,,RDKit fingerprint feature 1661 with 2048 bits and path length of 1-7
feat_1662,integer,,RDKit fingerprint feature 1662 with 2048 bits and path length of 1-7
feat_1663,integer,,RDKit fingerprint feature 1663 with 2048 bits and path length of 1-7
feat_1664,integer,,RDKit fingerprint feature 1664 with 2048 bits and path length of 1-7
feat_1665,integer,,RDKit fingerprint feature 1665 with 2048 bits and path length of 1-7
feat_1666,integer,,RDKit fingerprint feature 1666 with 2048 bits and path length of 1-7
feat_1667,integer,,RDKit fingerprint feature 1667 with 2048 bits and path length of 1-7
feat_1668,integer,,RDKit fingerprint feature 1668 with 2048 bits and path length of 1-7
feat_1669,integer,,RDKit fingerprint feature 1669 with 2048 bits and path length of 1-7
feat_1670,integer,,RDKit fingerprint feature 1670 with 2048 bits and path length of 1-7
feat_1671,integer,,RDKit fingerprint feature 1671 with 2048 bits and path length of 1-7
feat_1672,integer,,RDKit fingerprint feature 1672 with 2048 bits and path length of 1-7
feat_1673,integer,,RDKit fingerprint feature 1673 with 2048 bits and path length of 1-7
feat_1674,integer,,RDKit fingerprint feature 1674 with 2048 bits and path length of 1-7
feat_1675,integer,,RDKit fingerprint feature 1675 with 2048 bits and path length of 1-7
feat_1676,integer,,RDKit fingerprint feature 1676 with 2048 bits and path length of 1-7
feat_1677,integer,,RDKit fingerprint feature 1677 with 2048 bits and path length of 1-7
feat_1678,integer,,RDKit fingerprint feature 1678 with 2048 bits and path length of 1-7
feat_1679,integer,,RDKit fingerprint feature 1679 with 2048 bits and path length of 1-7
feat_1680,integer,,RDKit fingerprint feature 1680 with 2048 bits and path length of 1-7
feat_1681,integer,,RDKit fingerprint feature 1681 with 2048 bits and path length of 1-7
feat_1682,integer,,RDKit fingerprint feature 1682 with 2048 bits and path length of 1-7
feat_1683,integer,,RDKit fingerprint feature 1683 with 2048 bits and path length of 1-7
feat_1684,integer,,RDKit fingerprint feature 1684 with 2048 bits and path length of 1-7
feat_1685,integer,,RDKit fingerprint feature 1685 with 2048 bits and path length of 1-7
feat_1686,integer,,RDKit fingerprint feature 1686 with 2048 bits and path length of 1-7
feat_1687,integer,,RDKit fingerprint feature 1687 with 2048 bits and path length of 1-7
feat_1688,integer,,RDKit fingerprint feature 1688 with 2048 bits and path length of 1-7
feat_1689,integer,,RDKit fingerprint feature 1689 with 2048 bits and path length of 1-7
feat_1690,integer,,RDKit fingerprint feature 1690 with 2048 bits and path length of 1-7
feat_1691,integer,,RDKit fingerprint feature 1691 with 2048 bits and path length of 1-7
feat_1692,integer,,RDKit fingerprint feature 1692 with 2048 bits and path length of 1-7
feat_1693,integer,,RDKit fingerprint feature 1693 with 2048 bits and path length of 1-7
feat_1694,integer,,RDKit fingerprint feature 1694 with 2048 bits and path length of 1-7
feat_1695,integer,,RDKit fingerprint feature 1695 with 2048 bits and path length of 1-7
feat_1696,integer,,RDKit fingerprint feature 1696 with 2048 bits and path length of 1-7
feat_1697,integer,,RDKit fingerprint feature 1697 with 2048 bits and path length of 1-7
feat_1698,integer,,RDKit fingerprint feature 1698 with 2048 bits and path length of 1-7
feat_1699,integer,,RDKit fingerprint feature 1699 with 2048 bits and path length of 1-7
feat_1700,integer,,RDKit fingerprint feature 1700 with 2048 bits and path length of 1-7
feat_1701,integer,,RDKit fingerprint feature 1701 with 2048 bits and path length of 1-7
feat_1702,integer,,RDKit fingerprint feature 1702 with 2048 bits and path length of 1-7
feat_1703,integer,,RDKit fingerprint feature 1703 with 2048 bits and path length of 1-7
feat_1704,integer,,RDKit fingerprint feature 1704 with 2048 bits and path length of 1-7
feat_1705,integer,,RDKit fingerprint feature 1705 with 2048 bits and path length of 1-7
feat_1706,integer,,RDKit fingerprint feature 1706 with 2048 bits and path length of 1-7
feat_1707,integer,,RDKit fingerprint feature 1707 with 2048 bits and path length of 1-7
feat_1708,integer,,RDKit fingerprint feature 1708 with 2048 bits and path length of 1-7
feat_1709,integer,,RDKit fingerprint feature 1709 with 2048 bits and path length of 1-7
feat_1710,integer,,RDKit fingerprint feature 1710 with 2048 bits and path length of 1-7
feat_1711,integer,,RDKit fingerprint feature 1711 with 2048 bits and path length of 1-7
feat_1712,integer,,RDKit fingerprint feature 1712 with 2048 bits and path length of 1-7
feat_1713,integer,,RDKit fingerprint feature 1713 with 2048 bits and path length of 1-7
feat_1714,integer,,RDKit fingerprint feature 1714 with 2048 bits and path length of 1-7
feat_1715,integer,,RDKit fingerprint feature 1715 with 2048 bits and path length of 1-7
feat_1716,integer,,RDKit fingerprint feature 1716 with 2048 bits and path length of 1-7
feat_1717,integer,,RDKit fingerprint feature 1717 with 2048 bits and path length of 1-7
feat_1718,integer,,RDKit fingerprint feature 1718 with 2048 bits and path length of 1-7
feat_1719,integer,,RDKit fingerprint feature 1719 with 2048 bits and path length of 1-7
feat_1720,integer,,RDKit fingerprint feature 1720 with 2048 bits and path length of 1-7
feat_1721,integer,,RDKit fingerprint feature 1721 with 2048 bits and path length of 1-7
feat_1722,integer,,RDKit fingerprint feature 1722 with 2048 bits and path length of 1-7
feat_1723,integer,,RDKit fingerprint feature 1723 with 2048 bits and path length of 1-7
feat_1724,integer,,RDKit fingerprint feature 1724 with 2048 bits and path length of 1-7
feat_1725,integer,,RDKit fingerprint feature 1725 with 2048 bits and path length of 1-7
feat_1726,integer,,RDKit fingerprint feature 1726 with 2048 bits and path length of 1-7
feat_1727,integer,,RDKit fingerprint feature 1727 with 2048 bits and path length of 1-7
feat_1728,integer,,RDKit fingerprint feature 1728 with 2048 bits and path length of 1-7
feat_1729,integer,,RDKit fingerprint feature 1729 with 2048 bits and path length of 1-7
feat_1730,integer,,RDKit fingerprint feature 1730 with 2048 bits and path length of 1-7
feat_1731,integer,,RDKit fingerprint feature 1731 with 2048 bits and path length of 1-7
feat_1732,integer,,RDKit fingerprint feature 1732 with 2048 bits and path length of 1-7
feat_1733,integer,,RDKit fingerprint feature 1733 with 2048 bits and path length of 1-7
feat_1734,integer,,RDKit fingerprint feature 1734 with 2048 bits and path length of 1-7
feat_1735,integer,,RDKit fingerprint feature 1735 with 2048 bits and path length of 1-7
feat_1736,integer,,RDKit fingerprint feature 1736 with 2048 bits and path length of 1-7
feat_1737,integer,,RDKit fingerprint feature 1737 with 2048 bits and path length of 1-7
feat_1738,integer,,RDKit fingerprint feature 1738 with 2048 bits and path length of 1-7
feat_1739,integer,,RDKit fingerprint feature 1739 with 2048 bits and path length of 1-7
feat_1740,integer,,RDKit fingerprint feature 1740 with 2048 bits and path length of 1-7
feat_1741,integer,,RDKit fingerprint feature 1741 with 2048 bits and path length of 1-7
feat_1742,integer,,RDKit fingerprint feature 1742 with 2048 bits and path length of 1-7
feat_1743,integer,,RDKit fingerprint feature 1743 with 2048 bits and path length of 1-7
feat_1744,integer,,RDKit fingerprint feature 1744 with 2048 bits and path length of 1-7
feat_1745,integer,,RDKit fingerprint feature 1745 with 2048 bits and path length of 1-7
feat_1746,integer,,RDKit fingerprint feature 1746 with 2048 bits and path length of 1-7
feat_1747,integer,,RDKit fingerprint feature 1747 with 2048 bits and path length of 1-7
feat_1748,integer,,RDKit fingerprint feature 1748 with 2048 bits and path length of 1-7
feat_1749,integer,,RDKit fingerprint feature 1749 with 2048 bits and path length of 1-7
feat_1750,integer,,RDKit fingerprint feature 1750 with 2048 bits and path length of 1-7
feat_1751,integer,,RDKit fingerprint feature 1751 with 2048 bits and path length of 1-7
feat_1752,integer,,RDKit fingerprint feature 1752 with 2048 bits and path length of 1-7
feat_1753,integer,,RDKit fingerprint feature 1753 with 2048 bits and path length of 1-7
feat_1754,integer,,RDKit fingerprint feature 1754 with 2048 bits and path length of 1-7
feat_1755,integer,,RDKit fingerprint feature 1755 with 2048 bits and path length of 1-7
feat_1756,integer,,RDKit fingerprint feature 1756 with 2048 bits and path length of 1-7
feat_1757,integer,,RDKit fingerprint feature 1757 with 2048 bits and path length of 1-7
feat_1758,integer,,RDKit fingerprint feature 1758 with 2048 bits and path length of 1-7
feat_1759,integer,,RDKit fingerprint feature 1759 with 2048 bits and path length of 1-7
feat_1760,integer,,RDKit fingerprint feature 1760 with 2048 bits and path length of 1-7
feat_1761,integer,,RDKit fingerprint feature 1761 with 2048 bits and path length of 1-7
feat_1762,integer,,RDKit fingerprint feature 1762 with 2048 bits and path length of 1-7
feat_1763,integer,,RDKit fingerprint feature 1763 with 2048 bits and path length of 1-7
feat_1764,integer,,RDKit fingerprint feature 1764 with 2048 bits and path length of 1-7
feat_1765,integer,,RDKit fingerprint feature 1765 with 2048 bits and path length of 1-7
feat_1766,integer,,RDKit fingerprint feature 1766 with 2048 bits and path length of 1-7
feat_1767,integer,,RDKit fingerprint feature 1767 with 2048 bits and path length of 1-7
feat_1768,integer,,RDKit fingerprint feature 1768 with 2048 bits and path length of 1-7
feat_1769,integer,,RDKit fingerprint feature 1769 with 2048 bits and path length of 1-7
feat_1770,integer,,RDKit fingerprint feature 1770 with 2048 bits and path length of 1-7
feat_1771,integer,,RDKit fingerprint feature 1771 with 2048 bits and path length of 1-7
feat_1772,integer,,RDKit fingerprint feature 1772 with 2048 bits and path length of 1-7
feat_1773,integer,,RDKit fingerprint feature 1773 with 2048 bits and path length of 1-7
feat_1774,integer,,RDKit fingerprint feature 1774 with 2048 bits and path length of 1-7
feat_1775,integer,,RDKit fingerprint feature 1775 with 2048 bits and path length of 1-7
feat_1776,integer,,RDKit fingerprint feature 1776 with 2048 bits and path length of 1-7
feat_1777,integer,,RDKit fingerprint feature 1777 with 2048 bits and path length of 1-7
feat_1778,integer,,RDKit fingerprint feature 1778 with 2048 bits and path length of 1-7
feat_1779,integer,,RDKit fingerprint feature 1779 with 2048 bits and path length of 1-7
feat_1780,integer,,RDKit fingerprint feature 1780 with 2048 bits and path length of 1-7
feat_1781,integer,,RDKit fingerprint feature 1781 with 2048 bits and path length of 1-7
feat_1782,integer,,RDKit fingerprint feature 1782 with 2048 bits and path length of 1-7
feat_1783,integer,,RDKit fingerprint feature 1783 with 2048 bits and path length of 1-7
feat_1784,integer,,RDKit fingerprint feature 1784 with 2048 bits and path length of 1-7
feat_1785,integer,,RDKit fingerprint feature 1785 with 2048 bits and path length of 1-7
feat_1786,integer,,RDKit fingerprint feature 1786 with 2048 bits and path length of 1-7
feat_1787,integer,,RDKit fingerprint feature 1787 with 2048 bits and path length of 1-7
feat_1788,integer,,RDKit fingerprint feature 1788 with 2048 bits and path length of 1-7
feat_1789,integer,,RDKit fingerprint feature 1789 with 2048 bits and path length of 1-7
feat_1790,integer,,RDKit fingerprint feature 1790 with 2048 bits and path length of 1-7
feat_1791,integer,,RDKit fingerprint feature 1791 with 2048 bits and path length of 1-7
feat_1792,integer,,RDKit fingerprint feature 1792 with 2048 bits and path length of 1-7
feat_1793,integer,,RDKit fingerprint feature 1793 with 2048 bits and path length of 1-7
feat_1794,integer,,RDKit fingerprint feature 1794 with 2048 bits and path length of 1-7
feat_1795,integer,,RDKit fingerprint feature 1795 with 2048 bits and path length of 1-7
feat_1796,integer,,RDKit fingerprint feature 1796 with 2048 bits and path length of 1-7
feat_1797,integer,,RDKit fingerprint feature 1797 with 2048 bits and path length of 1-7
feat_1798,integer,,RDKit fingerprint feature 1798 with 2048 bits and path length of 1-7
feat_1799,integer,,RDKit fingerprint feature 1799 with 2048 bits and path length of 1-7
feat_1800,integer,,RDKit fingerprint feature 1800 with 2048 bits and path length of 1-7
feat_1801,integer,,RDKit fingerprint feature 1801 with 2048 bits and path length of 1-7
feat_1802,integer,,RDKit fingerprint feature 1802 with 2048 bits and path length of 1-7
feat_1803,integer,,RDKit fingerprint feature 1803 with 2048 bits and path length of 1-7
feat_1804,integer,,RDKit fingerprint feature 1804 with 2048 bits and path length of 1-7
feat_1805,integer,,RDKit fingerprint feature 1805 with 2048 bits and path length of 1-7
feat_1806,integer,,RDKit fingerprint feature 1806 with 2048 bits and path length of 1-7
feat_1807,integer,,RDKit fingerprint feature 1807 with 2048 bits and path length of 1-7
feat_1808,integer,,RDKit fingerprint feature 1808 with 2048 bits and path length of 1-7
feat_1809,integer,,RDKit fingerprint feature 1809 with 2048 bits and path length of 1-7
feat_1810,integer,,RDKit fingerprint feature 1810 with 2048 bits and path length of 1-7
feat_1811,integer,,RDKit fingerprint feature 1811 with 2048 bits and path length of 1-7
feat_1812,integer,,RDKit fingerprint feature 1812 with 2048 bits and path length of 1-7
feat_1813,integer,,RDKit fingerprint feature 1813 with 2048 bits and path length of 1-7
feat_1814,integer,,RDKit fingerprint feature 1814 with 2048 bits and path length of 1-7
feat_1815,integer,,RDKit fingerprint feature 1815 with 2048 bits and path length of 1-7
feat_1816,integer,,RDKit fingerprint feature 1816 with 2048 bits and path length of 1-7
feat_1817,integer,,RDKit fingerprint feature 1817 with 2048 bits and path length of 1-7
feat_1818,integer,,RDKit fingerprint feature 1818 with 2048 bits and path length of 1-7
feat_1819,integer,,RDKit fingerprint feature 1819 with 2048 bits and path length of 1-7
feat_1820,integer,,RDKit fingerprint feature 1820 with 2048 bits and path length of 1-7
feat_1821,integer,,RDKit fingerprint feature 1821 with 2048 bits and path length of 1-7
feat_1822,integer,,RDKit fingerprint feature 1822 with 2048 bits and path length of 1-7
feat_1823,integer,,RDKit fingerprint feature 1823 with 2048 bits and path length of 1-7
feat_1824,integer,,RDKit fingerprint feature 1824 with 2048 bits and path length of 1-7
feat_1825,integer,,RDKit fingerprint feature 1825 with 2048 bits and path length of 1-7
feat_1826,integer,,RDKit fingerprint feature 1826 with 2048 bits and path length of 1-7
feat_1827,integer,,RDKit fingerprint feature 1827 with 2048 bits and path length of 1-7
feat_1828,integer,,RDKit fingerprint feature 1828 with 2048 bits and path length of 1-7
feat_1829,integer,,RDKit fingerprint feature 1829 with 2048 bits and path length of 1-7
feat_1830,integer,,RDKit fingerprint feature 1830 with 2048 bits and path length of 1-7
feat_1831,integer,,RDKit fingerprint feature 1831 with 2048 bits and path length of 1-7
feat_1832,integer,,RDKit fingerprint feature 1832 with 2048 bits and path length of 1-7
feat_1833,integer,,RDKit fingerprint feature 1833 with 2048 bits and path length of 1-7
feat_1834,integer,,RDKit fingerprint feature 1834 with 2048 bits and path length of 1-7
feat_1835,integer,,RDKit fingerprint feature 1835 with 2048 bits and path length of 1-7
feat_1836,integer,,RDKit fingerprint feature 1836 with 2048 bits and path length of 1-7
feat_1837,integer,,RDKit fingerprint feature 1837 with 2048 bits and path length of 1-7
feat_1838,integer,,RDKit fingerprint feature 1838 with 2048 bits and path length of 1-7
feat_1839,integer,,RDKit fingerprint feature 1839 with 2048 bits and path length of 1-7
feat_1840,integer,,RDKit fingerprint feature 1840 with 2048 bits and path length of 1-7
feat_1841,integer,,RDKit fingerprint feature 1841 with 2048 bits and path length of 1-7
feat_1842,integer,,RDKit fingerprint feature 1842 with 2048 bits and path length of 1-7
feat_1843,integer,,RDKit fingerprint feature 1843 with 2048 bits and path length of 1-7
feat_1844,integer,,RDKit fingerprint feature 1844 with 2048 bits and path length of 1-7
feat_1845,integer,,RDKit fingerprint feature 1845 with 2048 bits and path length of 1-7
feat_1846,integer,,RDKit fingerprint feature 1846 with 2048 bits and path length of 1-7
feat_1847,integer,,RDKit fingerprint feature 1847 with 2048 bits and path length of 1-7
feat_1848,integer,,RDKit fingerprint feature 1848 with 2048 bits and path length of 1-7
feat_1849,integer,,RDKit fingerprint feature 1849 with 2048 bits and path length of 1-7
feat_1850,integer,,RDKit fingerprint feature 1850 with 2048 bits and path length of 1-7
feat_1851,integer,,RDKit fingerprint feature 1851 with 2048 bits and path length of 1-7
feat_1852,integer,,RDKit fingerprint feature 1852 with 2048 bits and path length of 1-7
feat_1853,integer,,RDKit fingerprint feature 1853 with 2048 bits and path length of 1-7
feat_1854,integer,,RDKit fingerprint feature 1854 with 2048 bits and path length of 1-7
feat_1855,integer,,RDKit fingerprint feature 1855 with 2048 bits and path length of 1-7
feat_1856,integer,,RDKit fingerprint feature 1856 with 2048 bits and path length of 1-7
feat_1857,integer,,RDKit fingerprint feature 1857 with 2048 bits and path length of 1-7
feat_1858,integer,,RDKit fingerprint feature 1858 with 2048 bits and path length of 1-7
feat_1859,integer,,RDKit fingerprint feature 1859 with 2048 bits and path length of 1-7
feat_1860,integer,,RDKit fingerprint feature 1860 with 2048 bits and path length of 1-7
feat_1861,integer,,RDKit fingerprint feature 1861 with 2048 bits and path length of 1-7
feat_1862,integer,,RDKit fingerprint feature 1862 with 2048 bits and path length of 1-7
feat_1863,integer,,RDKit fingerprint feature 1863 with 2048 bits and path length of 1-7
feat_1864,integer,,RDKit fingerprint feature 1864 with 2048 bits and path length of 1-7
feat_1865,integer,,RDKit fingerprint feature 1865 with 2048 bits and path length of 1-7
feat_1866,integer,,RDKit fingerprint feature 1866 with 2048 bits and path length of 1-7
feat_1867,integer,,RDKit fingerprint feature 1867 with 2048 bits and path length of 1-7
feat_1868,integer,,RDKit fingerprint feature 1868 with 2048 bits and path length of 1-7
feat_1869,integer,,RDKit fingerprint feature 1869 with 2048 bits and path length of 1-7
feat_1870,integer,,RDKit fingerprint feature 1870 with 2048 bits and path length of 1-7
feat_1871,integer,,RDKit fingerprint feature 1871 with 2048 bits and path length of 1-7
feat_1872,integer,,RDKit fingerprint feature 1872 with 2048 bits and path length of 1-7
feat_1873,integer,,RDKit fingerprint feature 1873 with 2048 bits and path length of 1-7
feat_1874,integer,,RDKit fingerprint feature 1874 with 2048 bits and path length of 1-7
feat_1875,integer,,RDKit fingerprint feature 1875 with 2048 bits and path length of 1-7
feat_1876,integer,,RDKit fingerprint feature 1876 with 2048 bits and path length of 1-7
feat_1877,integer,,RDKit fingerprint feature 1877 with 2048 bits and path length of 1-7
feat_1878,integer,,RDKit fingerprint feature 1878 with 2048 bits and path length of 1-7
feat_1879,integer,,RDKit fingerprint feature 1879 with 2048 bits and path length of 1-7
feat_1880,integer,,RDKit fingerprint feature 1880 with 2048 bits and path length of 1-7
feat_1881,integer,,RDKit fingerprint feature 1881 with 2048 bits and path length of 1-7
feat_1882,integer,,RDKit fingerprint feature 1882 with 2048 bits and path length of 1-7
feat_1883,integer,,RDKit fingerprint feature 1883 with 2048 bits and path length of 1-7
feat_1884,integer,,RDKit fingerprint feature 1884 with 2048 bits and path length of 1-7
feat_1885,integer,,RDKit fingerprint feature 1885 with 2048 bits and path length of 1-7
feat_1886,integer,,RDKit fingerprint feature 1886 with 2048 bits and path length of 1-7
feat_1887,integer,,RDKit fingerprint feature 1887 with 2048 bits and path length of 1-7
feat_1888,integer,,RDKit fingerprint feature 1888 with 2048 bits and path length of 1-7
feat_1889,integer,,RDKit fingerprint feature 1889 with 2048 bits and path length of 1-7
feat_1890,integer,,RDKit fingerprint feature 1890 with 2048 bits and path length of 1-7
feat_1891,integer,,RDKit fingerprint feature 1891 with 2048 bits and path length of 1-7
feat_1892,integer,,RDKit fingerprint feature 1892 with 2048 bits and path length of 1-7
feat_1893,integer,,RDKit fingerprint feature 1893 with 2048 bits and path length of 1-7
feat_1894,integer,,RDKit fingerprint feature 1894 with 2048 bits and path length of 1-7
feat_1895,integer,,RDKit fingerprint feature 1895 with 2048 bits and path length of 1-7
feat_1896,integer,,RDKit fingerprint feature 1896 with 2048 bits and path length of 1-7
feat_1897,integer,,RDKit fingerprint feature 1897 with 2048 bits and path length of 1-7
feat_1898,integer,,RDKit fingerprint feature 1898 with 2048 bits and path length of 1-7
feat_1899,integer,,RDKit fingerprint feature 1899 with 2048 bits and path length of 1-7
feat_1900,integer,,RDKit fingerprint feature 1900 with 2048 bits and path length of 1-7
feat_1901,integer,,RDKit fingerprint feature 1901 with 2048 bits and path length of 1-7
feat_1902,integer,,RDKit fingerprint feature 1902 with 2048 bits and path length of 1-7
feat_1903,integer,,RDKit fingerprint feature 1903 with 2048 bits and path length of 1-7
feat_1904,integer,,RDKit fingerprint feature 1904 with 2048 bits and path length of 1-7
feat_1905,integer,,RDKit fingerprint feature 1905 with 2048 bits and path length of 1-7
feat_1906,integer,,RDKit fingerprint feature 1906 with 2048 bits and path length of 1-7
feat_1907,integer,,RDKit fingerprint feature 1907 with 2048 bits and path length of 1-7
feat_1908,integer,,RDKit fingerprint feature 1908 with 2048 bits and path length of 1-7
feat_1909,integer,,RDKit fingerprint feature 1909 with 2048 bits and path length of 1-7
feat_1910,integer,,RDKit fingerprint feature 1910 with 2048 bits and path length of 1-7
feat_1911,integer,,RDKit fingerprint feature 1911 with 2048 bits and path length of 1-7
feat_1912,integer,,RDKit fingerprint feature 1912 with 2048 bits and path length of 1-7
feat_1913,integer,,RDKit fingerprint feature 1913 with 2048 bits and path length of 1-7
feat_1914,integer,,RDKit fingerprint feature 1914 with 2048 bits and path length of 1-7
feat_1915,integer,,RDKit fingerprint feature 1915 with 2048 bits and path length of 1-7
feat_1916,integer,,RDKit fingerprint feature 1916 with 2048 bits and path length of 1-7
feat_1917,integer,,RDKit fingerprint feature 1917 with 2048 bits and path length of 1-7
feat_1918,integer,,RDKit fingerprint feature 1918 with 2048 bits and path length of 1-7
feat_1919,integer,,RDKit fingerprint feature 1919 with 2048 bits and path length of 1-7
feat_1920,integer,,RDKit fingerprint feature 1920 with 2048 bits and path length of 1-7
feat_1921,integer,,RDKit fingerprint feature 1921 with 2048 bits and path length of 1-7
feat_1922,integer,,RDKit fingerprint feature 1922 with 2048 bits and path length of 1-7
feat_1923,integer,,RDKit fingerprint feature 1923 with 2048 bits and path length of 1-7
feat_1924,integer,,RDKit fingerprint feature 1924 with 2048 bits and path length of 1-7
feat_1925,integer,,RDKit fingerprint feature 1925 with 2048 bits and path length of 1-7
feat_1926,integer,,RDKit fingerprint feature 1926 with 2048 bits and path length of 1-7
feat_1927,integer,,RDKit fingerprint feature 1927 with 2048 bits and path length of 1-7
feat_1928,integer,,RDKit fingerprint feature 1928 with 2048 bits and path length of 1-7
feat_1929,integer,,RDKit fingerprint feature 1929 with 2048 bits and path length of 1-7
feat_1930,integer,,RDKit fingerprint feature 1930 with 2048 bits and path length of 1-7
feat_1931,integer,,RDKit fingerprint feature 1931 with 2048 bits and path length of 1-7
feat_1932,integer,,RDKit fingerprint feature 1932 with 2048 bits and path length of 1-7
feat_1933,integer,,RDKit fingerprint feature 1933 with 2048 bits and path length of 1-7
feat_1934,integer,,RDKit fingerprint feature 1934 with 2048 bits and path length of 1-7
feat_1935,integer,,RDKit fingerprint feature 1935 with 2048 bits and path length of 1-7
feat_1936,integer,,RDKit fingerprint feature 1936 with 2048 bits and path length of 1-7
feat_1937,integer,,RDKit fingerprint feature 1937 with 2048 bits and path length of 1-7
feat_1938,integer,,RDKit fingerprint feature 1938 with 2048 bits and path length of 1-7
feat_1939,integer,,RDKit fingerprint feature 1939 with 2048 bits and path length of 1-7
feat_1940,integer,,RDKit fingerprint feature 1940 with 2048 bits and path length of 1-7
feat_1941,integer,,RDKit fingerprint feature 1941 with 2048 bits and path length of 1-7
feat_1942,integer,,RDKit fingerprint feature 1942 with 2048 bits and path length of 1-7
feat_1943,integer,,RDKit fingerprint feature 1943 with 2048 bits and path length of 1-7
feat_1944,integer,,RDKit fingerprint feature 1944 with 2048 bits and path length of 1-7
feat_1945,integer,,RDKit fingerprint feature 1945 with 2048 bits and path length of 1-7
feat_1946,integer,,RDKit fingerprint feature 1946 with 2048 bits and path length of 1-7
feat_1947,integer,,RDKit fingerprint feature 1947 with 2048 bits and path length of 1-7
feat_1948,integer,,RDKit fingerprint feature 1948 with 2048 bits and path length of 1-7
feat_1949,integer,,RDKit fingerprint feature 1949 with 2048 bits and path length of 1-7
feat_1950,integer,,RDKit fingerprint feature 1950 with 2048 bits and path length of 1-7
feat_1951,integer,,RDKit fingerprint feature 1951 with 2048 bits and path length of 1-7
feat_1952,integer,,RDKit fingerprint feature 1952 with 2048 bits and path length of 1-7
feat_1953,integer,,RDKit fingerprint feature 1953 with 2048 bits and path length of 1-7
feat_1954,integer,,RDKit fingerprint feature 1954 with 2048 bits and path length of 1-7
feat_1955,integer,,RDKit fingerprint feature 1955 with 2048 bits and path length of 1-7
feat_1956,integer,,RDKit fingerprint feature 1956 with 2048 bits and path length of 1-7
feat_1957,integer,,RDKit fingerprint feature 1957 with 2048 bits and path length of 1-7
feat_1958,integer,,RDKit fingerprint feature 1958 with 2048 bits and path length of 1-7
feat_1959,integer,,RDKit fingerprint feature 1959 with 2048 bits and path length of 1-7
feat_1960,integer,,RDKit fingerprint feature 1960 with 2048 bits and path length of 1-7
feat_1961,integer,,RDKit fingerprint feature 1961 with 2048 bits and path length of 1-7
feat_1962,integer,,RDKit fingerprint feature 1962 with 2048 bits and path length of 1-7
feat_1963,integer,,RDKit fingerprint feature 1963 with 2048 bits and path length of 1-7
feat_1964,integer,,RDKit fingerprint feature 1964 with 2048 bits and path length of 1-7
feat_1965,integer,,RDKit fingerprint feature 1965 with 2048 bits and path length of 1-7
feat_1966,integer,,RDKit fingerprint feature 1966 with 2048 bits and path length of 1-7
feat_1967,integer,,RDKit fingerprint feature 1967 with 2048 bits and path length of 1-7
feat_1968,integer,,RDKit fingerprint feature 1968 with 2048 bits and path length of 1-7
feat_1969,integer,,RDKit fingerprint feature 1969 with 2048 bits and path length of 1-7
feat_1970,integer,,RDKit fingerprint feature 1970 with 2048 bits and path length of 1-7
feat_1971,integer,,RDKit fingerprint feature 1971 with 2048 bits and path length of 1-7
feat_1972,integer,,RDKit fingerprint feature 1972 with 2048 bits and path length of 1-7
feat_1973,integer,,RDKit fingerprint feature 1973 with 2048 bits and path length of 1-7
feat_1974,integer,,RDKit fingerprint feature 1974 with 2048 bits and path length of 1-7
feat_1975,integer,,RDKit fingerprint feature 1975 with 2048 bits and path length of 1-7
feat_1976,integer,,RDKit fingerprint feature 1976 with 2048 bits and path length of 1-7
feat_1977,integer,,RDKit fingerprint feature 1977 with 2048 bits and path length of 1-7
feat_1978,integer,,RDKit fingerprint feature 1978 with 2048 bits and path length of 1-7
feat_1979,integer,,RDKit fingerprint feature 1979 with 2048 bits and path length of 1-7
feat_1980,integer,,RDKit fingerprint feature 1980 with 2048 bits and path length of 1-7
feat_1981,integer,,RDKit fingerprint feature 1981 with 2048 bits and path length of 1-7
feat_1982,integer,,RDKit fingerprint feature 1982 with 2048 bits and path length of 1-7
feat_1983,integer,,RDKit fingerprint feature 1983 with 2048 bits and path length of 1-7
feat_1984,integer,,RDKit fingerprint feature 1984 with 2048 bits and path length of 1-7
feat_1985,integer,,RDKit fingerprint feature 1985 with 2048 bits and path length of 1-7
feat_1986,integer,,RDKit fingerprint feature 1986 with 2048 bits and path length of 1-7
feat_1987,integer,,RDKit fingerprint feature 1987 with 2048 bits and path length of 1-7
feat_1988,integer,,RDKit fingerprint feature 1988 with 2048 bits and path length of 1-7
feat_1989,integer,,RDKit fingerprint feature 1989 with 2048 bits and path length of 1-7
feat_1990,integer,,RDKit fingerprint feature 1990 with 2048 bits and path length of 1-7
feat_1991,integer,,RDKit fingerprint feature 1991 with 2048 bits and path length of 1-7
feat_1992,integer,,RDKit fingerprint feature 1992 with 2048 bits and path length of 1-7
feat_1993,integer,,RDKit fingerprint feature 1993 with 2048 bits and path length of 1-7
feat_1994,integer,,RDKit fingerprint feature 1994 with 2048 bits and path length of 1-7
feat_1995,integer,,RDKit fingerprint feature 1995 with 2048 bits and path length of 1-7
feat_1996,integer,,RDKit fingerprint feature 1996 with 2048 bits and path length of 1-7
feat_1997,integer,,RDKit fingerprint feature 1997 with 2048 bits and path length of 1-7
feat_1998,integer,,RDKit fingerprint feature 1998 with 2048 bits and path length of 1-7
feat_1999,integer,,RDKit fingerprint feature 1999 with 2048 bits and path length of 1-7
feat_2000,integer,,RDKit fingerprint feature 2000 with 2048 bits and path length of 1-7
feat_2001,integer,,RDKit fingerprint feature 2001 with 2048 bits and path length of 1-7
feat_2002,integer,,RDKit fingerprint feature 2002 with 2048 bits and path length of 1-7
feat_2003,integer,,RDKit fingerprint feature 2003 with 2048 bits and path length of 1-7
feat_2004,integer,,RDKit fingerprint feature 2004 with 2048 bits and path length of 1-7
feat_2005,integer,,RDKit fingerprint feature 2005 with 2048 bits and path length of 1-7
feat_2006,integer,,RDKit fingerprint feature 2006 with 2048 bits and path length of 1-7
feat_2007,integer,,RDKit fingerprint feature 2007 with 2048 bits and path length of 1-7
feat_2008,integer,,RDKit fingerprint feature 2008 with 2048 bits and path length of 1-7
feat_2009,integer,,RDKit fingerprint feature 2009 with 2048 bits and path length of 1-7
feat_2010,integer,,RDKit fingerprint feature 2010 with 2048 bits and path length of 1-7
feat_2011,integer,,RDKit fingerprint feature 2011 with 2048 bits and path length of 1-7
feat_2012,integer,,RDKit fingerprint feature 2012 with 2048 bits and path length of 1-7
feat_2013,integer,,RDKit fingerprint feature 2013 with 2048 bits and path length of 1-7
feat_2014,integer,,RDKit fingerprint feature 2014 with 2048 bits and path length of 1-7
feat_2015,integer,,RDKit fingerprint feature 2015 with 2048 bits and path length of 1-7
feat_2016,integer,,RDKit fingerprint feature 2016 with 2048 bits and path length of 1-7
feat_2017,integer,,RDKit fingerprint feature 2017 with 2048 bits and path length of 1-7
feat_2018,integer,,RDKit fingerprint feature 2018 with 2048 bits and path length of 1-7
feat_2019,integer,,RDKit fingerprint feature 2019 with 2048 bits and path length of 1-7
feat_2020,integer,,RDKit fingerprint feature 2020 with 2048 bits and path length of 1-7
feat_2021,integer,,RDKit fingerprint feature 2021 with 2048 bits and path length of 1-7
feat_2022,integer,,RDKit fingerprint feature 2022 with 2048 bits and path length of 1-7
feat_2023,integer,,RDKit fingerprint feature 2023 with 2048 bits and path length of 1-7
feat_2024,integer,,RDKit fingerprint feature 2024 with 2048 bits and path length of 1-7
feat_2025,integer,,RDKit fingerprint feature 2025 with 2048 bits and path length of 1-7
feat_2026,integer,,RDKit fingerprint feature 2026 with 2048 bits and path length of 1-7
feat_2027,integer,,RDKit fingerprint feature 2027 with 2048 bits and path length of 1-7
feat_2028,integer,,RDKit fingerprint feature 2028 with 2048 bits and path length of 1-7
feat_2029,integer,,RDKit fingerprint feature 2029 with 2048 bits and path length of 1-7
feat_2030,integer,,RDKit fingerprint feature 2030 with 2048 bits and path length of 1-7
feat_2031,integer,,RDKit fingerprint feature 2031 with 2048 bits and path length of 1-7
feat_2032,integer,,RDKit fingerprint feature 2032 with 2048 bits and path length of 1-7
feat_2033,integer,,RDKit fingerprint feature 2033 with 2048 bits and path length of 1-7
feat_2034,integer,,RDKit fingerprint feature 2034 with 2048 bits and path length of 1-7
feat_2035,integer,,RDKit fingerprint feature 2035 with 2048 bits and path length of 1-7
feat_2036,integer,,RDKit fingerprint feature 2036 with 2048 bits and path length of 1-7
feat_2037,integer,,RDKit fingerprint feature 2037 with 2048 bits and path length of 1-7
feat_2038,integer,,RDKit fingerprint feature 2038 with 2048 bits and path length of 1-7
feat_2039,integer,,RDKit fingerprint feature 2039 with 2048 bits and path length of 1-7
feat_2040,integer,,RDKit fingerprint feature 2040 with 2048 bits and path length of 1-7
feat_2041,integer,,RDKit fingerprint feature 2041 with 2048 bits and path length of 1-7
feat_2042,integer,,RDKit fingerprint feature 2042 with 2048 bits and path length of 1-7
feat_2043,integer,,RDKit fingerprint feature 2043 with 2048 bits and path length of 1-7
feat_2044,integer,,RDKit fingerprint feature 2044 with 2048 bits and path length of 1-7
feat_2045,integer,,RDKit fingerprint feature 2045 with 2048 bits and path length of 1-7
feat_2046,integer,,RDKit fingerprint feature 2046 with 2048 bits and path length of 1-7
feat_2047,integer,,RDKit fingerprint feature 2047 with 2048 bits and path length of 1-7
